CatalogLayer,LayerBasis,LayerNotes,ParentType,FieldPath,CanonicalFieldName,SourceFieldName,ValueKind,Required,Nullable,Repeated,EnumRef,Format,Units,Default,Example,SourceRefs,Notes
core_canonical,REC-FLD-001,The request DTO is strongly backed by the spec and the Serbian buyer overlays are directly supported by codebook and technical materials,InvoiceRequest,dateAndTimeOfIssue,date_and_time_of_issue,dateAndTimeOfIssue,string,optional,yes,no,,iso_8601_local_datetime,,,2021-07-13T16:30:55.303Z,KB-006,Optional on API level
core_canonical,REC-FLD-001,The request DTO is strongly backed by the spec and the Serbian buyer overlays are directly supported by codebook and technical materials,InvoiceRequest,invoiceType,invoice_type,invoiceType,string_or_int,required,no,no,TaxCoreInvoiceType,,,,Normal,KB-006,String and int are both accepted
core_canonical,REC-FLD-001,The request DTO is strongly backed by the spec and the Serbian buyer overlays are directly supported by codebook and technical materials,InvoiceRequest,transactionType,transaction_type,transactionType,string_or_int,required,no,no,TaxCoreTransactionType,,,,Sale,KB-006,String and int are both accepted
core_canonical,REC-FLD-001,The request DTO is strongly backed by the spec and the Serbian buyer overlays are directly supported by codebook and technical materials,InvoiceRequest,payment,payment,payment,array,required,no,yes,,,,[],"[{amount:1000,paymentType:Cash}]",KB-006,At least one payment is required
core_canonical,REC-FLD-001,The request DTO is strongly backed by the spec and the Serbian buyer overlays are directly supported by codebook and technical materials,InvoiceRequest,cashier,cashier,cashier,string,optional,yes,no,,unicode_max_50,,,Tosha,KB-006,Optional in generic spec
core_canonical,REC-FLD-001,The request DTO is strongly backed by the spec and the Serbian buyer overlays are directly supported by codebook and technical materials,InvoiceRequest,buyerId,buyer_identification,buyerId,string,optional,yes,no,RSBuyerIdentificationCode,codebook_prefixed_identifier,,,10:123123123,KB-006; KB-005; KB-012; KB-016,Canonical Serbia format is code:value while code 12 uniquely uses 12:PIB:JBKJS; PIB-family codes are 10 and 14 JMBG-family codes are 11 and 15 code 16 is BPG code 40 is the foreign-TIN branch and codes 13 20-23 and 30-36 stay document-number families unless stronger jurisdiction evidence appears
core_canonical,REC-FLD-001,The request DTO is strongly backed by the spec and the Serbian buyer overlays are directly supported by codebook and technical materials,InvoiceRequest,buyerCostCenterId,buyer_optional_field,buyerCostCenterId,string,optional,yes,no,RSBuyerOptionalFieldCode,codebook_prefixed_annotation,,,30:099999999,KB-006; KB-005; KB-012; KB-016; KB-017,Canonical Serbia format is code:value with a generally alphanumeric payload and code 60 as the documented date-range exception 60:ddmmgggg_ddmmgggg; codes 20 and 21 are diplomatic form numbers codes 30-33 are tax-office confirmation numbers and code 50 is a corporate-card number
core_canonical,REC-FLD-001,The request DTO is strongly backed by the spec and the Serbian buyer overlays are directly supported by codebook and technical materials,InvoiceRequest,invoiceNumber,invoice_number,invoiceNumber,string,optional,yes,no,,unicode_max_60,,,POS-123,KB-006,Optional on API level
core_canonical,REC-FLD-001,The request DTO is strongly backed by the spec and the Serbian buyer overlays are directly supported by codebook and technical materials,InvoiceRequest,referentDocumentNumber,referent_document_number,referentDocumentNumber,string,optional,yes,no,,unicode_max_50,,,YTSS6KKG-HJHR9EO0-305,KB-006; KB-003,Mandatory for copies and refunds and some advance cases
core_canonical,REC-FLD-001,The request DTO is strongly backed by the spec and the Serbian buyer overlays are directly supported by codebook and technical materials,InvoiceRequest,referentDocumentDT,referent_document_datetime,referentDocumentDT,string,optional,yes,no,,iso_8601_local_datetime,,,2021-07-15T15:57:49.7423334+02:00,KB-006; KB-008,Can be used only with referentDocumentNumber and is manually required for Copy and Refund receipt flows
core_canonical,REC-FLD-001,The request DTO is strongly backed by the spec and the Serbian buyer overlays are directly supported by codebook and technical materials,InvoiceRequest,options,options,options,object,optional,yes,no,,,,{},,KB-006,Controls QR and textual representation generation
core_canonical,REC-FLD-001,The request DTO is strongly backed by the spec and the Serbian buyer overlays are directly supported by codebook and technical materials,InvoiceRequest,items,items,items,array,required,no,yes,,,,[],[{name:Network Cable}],KB-006,At least one item is required
core_canonical,REC-FLD-001,The request DTO is strongly backed by the spec and the Serbian buyer overlays are directly supported by codebook and technical materials,PaymentItem,amount,amount,amount,number,required,no,no,,decimal_max_length_29,currency_amount,,1000,KB-006,
core_canonical,REC-FLD-001,The request DTO is strongly backed by the spec and the Serbian buyer overlays are directly supported by codebook and technical materials,PaymentItem,paymentType,payment_type,paymentType,string_or_int,required,no,no,TaxCorePaymentType,,,,Cash,KB-006,String and int are both accepted
core_canonical,REC-FLD-001,The request DTO is strongly backed by the spec and the Serbian buyer overlays are directly supported by codebook and technical materials,InvoiceOptions,omitQRCodeGen,omit_qr_code_generation,omitQRCodeGen,string,optional,yes,no,InvoiceOptionFlag,,,,1,KB-006,1 omits QR generation and 0 returns QR to POS
core_canonical,REC-FLD-001,The request DTO is strongly backed by the spec and the Serbian buyer overlays are directly supported by codebook and technical materials,InvoiceOptions,omitTextualRepresentation,omit_textual_representation,omitTextualRepresentation,string,optional,yes,no,InvoiceOptionFlag,,,,0,KB-006,1 omits textual representation and 0 returns journal to POS
core_canonical,REC-FLD-001,The request DTO is strongly backed by the spec and the Serbian buyer overlays are directly supported by codebook and technical materials,InvoiceItem,gtin,gtin,gtin,string,optional,yes,no,,min_8_max_14,,,3645645645,KB-006; KB-008,GTIN need not be printed on the receipt but must remain visible on the Administration Portal when present
core_canonical,REC-FLD-001,The request DTO is strongly backed by the spec and the Serbian buyer overlays are directly supported by codebook and technical materials,InvoiceItem,name,name,name,string,required,no,no,,unicode_max_2048,,,Хлеб,KB-006; KB-008,Rendered receipt should include the unit of measure as part of the item name
core_canonical,REC-FLD-001,The request DTO is strongly backed by the spec and the Serbian buyer overlays are directly supported by codebook and technical materials,InvoiceItem,quantity,quantity,quantity,number,required,no,no,,decimal_14_3,quantity,,2,KB-006,Minimum value 0.001
core_canonical,REC-FLD-001,The request DTO is strongly backed by the spec and the Serbian buyer overlays are directly supported by codebook and technical materials,InvoiceItem,labels,labels,labels,array,required,no,yes,,,,[],[A],KB-006,Each item must contain at least one label
core_canonical,REC-FLD-001,The request DTO is strongly backed by the spec and the Serbian buyer overlays are directly supported by codebook and technical materials,InvoiceItem,unitPrice,unit_price,unitPrice,number,required,no,no,,decimal_14_2,currency_amount,,10.55,KB-006,Discount is already applied in displayed value
core_canonical,REC-FLD-001,The request DTO is strongly backed by the spec and the Serbian buyer overlays are directly supported by codebook and technical materials,InvoiceItem,totalAmount,total_amount,totalAmount,number,required,no,no,,decimal_14_2,currency_amount,,21.10,KB-006,Discount is already applied in displayed value
core_canonical,REC-FLD-002,Official response clusters and rendering/journal expectations align well,InvoiceResult,requestedBy,requested_by,requestedBy,string,optional,yes,no,,uid_ascii,,,WHKV8WJH,KB-006; KB-010,UID of the secure element certificate that requested signing
core_canonical,REC-FLD-002,Official response clusters and rendering/journal expectations align well,InvoiceResult,signedBy,signed_by,signedBy,string,required,no,no,,uid_ascii,,,WHKV8WJH,KB-006; KB-010,UID of the secure element certificate that performed signing
core_canonical,REC-FLD-002,Official response clusters and rendering/journal expectations align well,InvoiceResult,sdcDateTime,sdc_datetime,sdcDateTime,string,required,no,no,,iso_8601_local_datetime,,,2021-07-13T16:30:55.303Z,KB-006,
core_canonical,REC-FLD-002,Official response clusters and rendering/journal expectations align well,InvoiceResult,invoiceCounter,invoice_counter,invoiceCounter,string,required,no,no,,,,,14/17NS,KB-006,Format is transactionTypeCounter slash totalCounter plus extension
core_canonical,REC-FLD-002,Official response clusters and rendering/journal expectations align well,InvoiceResult,invoiceCounterExtension,invoice_counter_extension,invoiceCounterExtension,string,optional,yes,no,,,,,NS,KB-006,Examples include NS and CR and TS
core_canonical,REC-FLD-002,Official response clusters and rendering/journal expectations align well,InvoiceResult,invoiceNumber,invoice_number,invoiceNumber,string,required,no,no,,,,,YTSS6KKG-HJHR9EO0-305,KB-006; KB-010,Format is RequestedByUID-SignedByUID-OrdinalNumber
core_canonical,REC-FLD-002,Official response clusters and rendering/journal expectations align well,InvoiceResult,taxItems,tax_items,taxItems,array,optional,yes,yes,,,,[],[],KB-006,
core_canonical,REC-FLD-002,Official response clusters and rendering/journal expectations align well,InvoiceResult,verificationUrl,verification_url,verificationUrl,string,optional,yes,no,,url,,,https://...,KB-006; KB-010; KB-013,Used for public verification and as the clickable verification link on electronic receipts
core_canonical,REC-FLD-002,Official response clusters and rendering/journal expectations align well,InvoiceResult,verificationQRCode,verification_qr_code,verificationQRCode,string,optional,yes,no,,base64_gif,,,R0lGOD...,KB-006; KB-010,Base64 encoded GIF image; printed QR rendering must respect the documented minimum size
core_canonical,REC-FLD-002,Official response clusters and rendering/journal expectations align well,InvoiceResult,journal,journal_text,journal,string,optional,yes,no,,,,,...,KB-006; KB-008,Textual representation of the invoice and a key reconciliation source against the Administration Portal electronic journal
core_canonical,REC-FLD-002,Official response clusters and rendering/journal expectations align well,InvoiceResult,messages,messages,messages,string,optional,yes,no,,,,,...,KB-006,Human readable message to print or display
core_canonical,REC-FLD-002,Official response clusters and rendering/journal expectations align well,InvoiceResult,encryptedInternalData,encrypted_internal_data,encryptedInternalData,string,required,no,no,,base64,,,aoo+9O...,KB-006,Returned by Sign Invoice APDU
core_canonical,REC-FLD-002,Official response clusters and rendering/journal expectations align well,InvoiceResult,signature,signature,signature,string,optional,yes,no,,base64,,,aoo+9O...,KB-006,Returned by Sign Invoice APDU
core_canonical,REC-FLD-002,Official response clusters and rendering/journal expectations align well,InvoiceResult,totalCounter,total_counter,totalCounter,integer,optional,yes,no,,,count,,17,KB-006,Returned by Sign Invoice APDU
core_canonical,REC-FLD-002,Official response clusters and rendering/journal expectations align well,InvoiceResult,transactionTypeCounter,transaction_type_counter,transactionTypeCounter,integer,optional,yes,no,,,count,,14,KB-006,Returned by Sign Invoice APDU
core_canonical,REC-FLD-002,Official response clusters and rendering/journal expectations align well,InvoiceResult,totalAmount,total_amount,totalAmount,number,optional,yes,no,,decimal_max_length_29,currency_amount,,21.10,KB-006,
core_canonical,REC-FLD-002,Official response clusters and rendering/journal expectations align well,InvoiceResult,businessName,business_name,businessName,string,optional,yes,no,,,,,Business Name,KB-006,Derived from certificate subject O
core_canonical,REC-FLD-002,Official response clusters and rendering/journal expectations align well,InvoiceResult,locationName,location_name,locationName,string,optional,yes,no,,,,,Location,KB-006,Derived from certificate subject OU
core_canonical,REC-FLD-002,Official response clusters and rendering/journal expectations align well,InvoiceResult,address,address,address,string,optional,yes,no,,,,,Street 1,KB-006,Derived from certificate subject STREET
core_canonical,REC-FLD-002,Official response clusters and rendering/journal expectations align well,InvoiceResult,tin,seller_tin,tin,string,optional,yes,no,,,,,123456789,KB-006,Derived from taxpayer certificate metadata
core_canonical,REC-FLD-002,Official response clusters and rendering/journal expectations align well,InvoiceResult,district,district,district,string,optional,yes,no,,,,,Belgrade,KB-006,Derived from certificate subject S
core_canonical,REC-FLD-002,Official response clusters and rendering/journal expectations align well,InvoiceResult,taxGroupRevision,tax_group_revision,taxGroupRevision,integer,optional,yes,no,,,revision,,5,KB-006,
core_canonical,REC-FLD-002,Official response clusters and rendering/journal expectations align well,InvoiceResult,mrc,mrc,mrc,string,optional,yes,no,,productcode-version-serial,,,ABCD-EFGH-DEVICE123,KB-006; KB-010,Format ProductCode-ProductVersionCode-DeviceSerialNumber with all three parts mandatory in audit packages even when optional in response
core_canonical,REC-FLD-002,Official response clusters and rendering/journal expectations align well,TaxItem,label,label,label,string,required,no,no,,,,,A,KB-006,
core_canonical,REC-FLD-002,Official response clusters and rendering/journal expectations align well,TaxItem,categoryName,category_name,categoryName,string,required,no,no,,,,,VAT,KB-006,
core_canonical,REC-FLD-002,Official response clusters and rendering/journal expectations align well,TaxItem,categoryType,category_type,categoryType,integer,required,no,no,,,,,0,KB-006,0 is tax on net 1 is tax on total 2 is amount per quantity
core_canonical,REC-FLD-002,Official response clusters and rendering/journal expectations align well,TaxItem,rate,rate,rate,number,required,no,no,,percentage,,,12.50,KB-006,
core_canonical,REC-FLD-002,Official response clusters and rendering/journal expectations align well,TaxItem,amount,amount,amount,number,required,no,no,,decimal_14_2,currency_amount,,2.35,KB-006,
core_canonical,REC-FLD-003,The spec defines the field set and the manual matrix explains how some arrays behave in degraded conditions,StatusResponse,isPinRequired,is_pin_required,isPinRequired,boolean,optional,yes,no,,,,,true,KB-006,E-SDC only
core_canonical,REC-FLD-003,The spec defines the field set and the manual matrix explains how some arrays behave in degraded conditions,StatusResponse,auditRequired,audit_required,auditRequired,boolean,optional,yes,no,,,,,false,KB-006,E-SDC only
core_canonical,REC-FLD-003,The spec defines the field set and the manual matrix explains how some arrays behave in degraded conditions,StatusResponse,sdcDateTime,sdc_datetime,sdcDateTime,string,required,no,no,,iso_8601_local_datetime,,,2017-08-30T11:53:05+13:00,KB-006,
core_canonical,REC-FLD-003,The spec defines the field set and the manual matrix explains how some arrays behave in degraded conditions,StatusResponse,lastInvoiceNumber,last_invoice_number,lastInvoiceNumber,string,optional,yes,no,,,,,ORG674J1-ORG674J1-98637,KB-006,E-SDC only
core_canonical,REC-FLD-003,The spec defines the field set and the manual matrix explains how some arrays behave in degraded conditions,StatusResponse,protocolVersion,protocol_version,protocolVersion,string,optional,yes,no,,,,,1.0.0.0,KB-006,E-SDC only
core_canonical,REC-FLD-003,The spec defines the field set and the manual matrix explains how some arrays behave in degraded conditions,StatusResponse,secureElementVersion,secure_element_version,secureElementVersion,string,optional,yes,no,,,,,1.1.1,KB-006,E-SDC only
core_canonical,REC-FLD-003,The spec defines the field set and the manual matrix explains how some arrays behave in degraded conditions,StatusResponse,hardwareVersion,hardware_version,hardwareVersion,string,optional,yes,no,,,,,1.2.7.21,KB-006,E-SDC only
core_canonical,REC-FLD-003,The spec defines the field set and the manual matrix explains how some arrays behave in degraded conditions,StatusResponse,softwareVersion,software_version,softwareVersion,string,optional,yes,no,,,,,1.7.6.5,KB-006,E-SDC only
core_canonical,REC-FLD-003,The spec defines the field set and the manual matrix explains how some arrays behave in degraded conditions,StatusResponse,deviceSerialNumber,device_serial_number,deviceSerialNumber,string,optional,yes,no,,,,,0108-0012-ASDJKA1SDJL2A,KB-006,E-SDC only
core_canonical,REC-FLD-003,The spec defines the field set and the manual matrix explains how some arrays behave in degraded conditions,StatusResponse,make,make,make,string,optional,yes,no,,,,,Acme,KB-006,E-SDC only
core_canonical,REC-FLD-003,The spec defines the field set and the manual matrix explains how some arrays behave in degraded conditions,StatusResponse,model,model,model,string,optional,yes,no,,,,,The Device 442,KB-006,E-SDC only
core_canonical,REC-FLD-003,The spec defines the field set and the manual matrix explains how some arrays behave in degraded conditions,StatusResponse,mssc,manufacturer_status_codes,mssc,array,optional,yes,yes,,,,[],[],KB-006,E-SDC only manufacturer specific status array
core_canonical,REC-FLD-003,The spec defines the field set and the manual matrix explains how some arrays behave in degraded conditions,StatusResponse,gsc,general_status_codes,gsc,array,optional,yes,yes,,,,[],[],KB-006,General status and error code array
core_canonical,REC-FLD-003,The spec defines the field set and the manual matrix explains how some arrays behave in degraded conditions,StatusResponse,supportedLanguages,supported_languages,supportedLanguages,array,optional,yes,yes,,,,[],[en-US],KB-006,Source-published GetStatusResponse model marks this as optional
core_canonical,REC-FLD-003,The spec defines the field set and the manual matrix explains how some arrays behave in degraded conditions,StatusResponse,uid,uid,uid,string,optional,yes,no,,uid_ascii,,,TK7SV2AY,KB-006; KB-010,Source-published GetStatusResponse model marks this as optional even though examples usually populate it
core_canonical,REC-FLD-003,The spec defines the field set and the manual matrix explains how some arrays behave in degraded conditions,StatusResponse,taxCoreApi,tax_core_api,taxCoreApi,string,optional,yes,no,,url,,,https://api.sandbox.taxcore.dti.rs:443,KB-006,Source-published GetStatusResponse model marks this as optional even though examples usually populate it
core_canonical,REC-FLD-003,The spec defines the GetStatus field set and the shared TaxCore surface now adds direct support for the tax-rate-bearing fields too,StatusResponse,currentTaxRates,current_tax_rates,currentTaxRates,object,optional,yes,no,,,,{},,KB-006,Source-published GetStatusResponse model uses a singular TaxRateGroup object here
core_canonical,REC-FLD-003,The spec defines the GetStatus field set and the shared TaxCore surface now adds direct support for the tax-rate-bearing fields too,StatusResponse,allTaxRates,all_tax_rates,allTaxRates,array,optional,yes,yes,,,,[],[],KB-006,Source-published GetStatusResponse model uses an array of TaxRateGroup entries here
core_canonical,REC-FLD-004,The official response shape is direct while reference app persistence only reinforces known endpoint members,EnvironmentParametersResponse,organizationName,organization_name,organizationName,string,required,no,no,,,,,Data Tech International,KB-006,
core_canonical,REC-FLD-004,The official response shape is direct while reference app persistence only reinforces known endpoint members,EnvironmentParametersResponse,serverTimeZone,server_time_zone,serverTimeZone,string,required,no,no,,,,,Fiji Standard Time,KB-006,
core_canonical,REC-FLD-004,The official response shape is direct while reference app persistence only reinforces known endpoint members,EnvironmentParametersResponse,street,street,street,string,required,no,no,,,,,Kruzni put 7,KB-006,
core_canonical,REC-FLD-004,The official response shape is direct while reference app persistence only reinforces known endpoint members,EnvironmentParametersResponse,city,city,city,string,required,no,no,,,,,Belgrade,KB-006,
core_canonical,REC-FLD-004,The official response shape is direct while reference app persistence only reinforces known endpoint members,EnvironmentParametersResponse,country,country,country,string,required,no,no,,,,,RS,KB-006,
core_canonical,REC-FLD-004,The official response shape is direct while reference app persistence only reinforces known endpoint members,EnvironmentParametersResponse,endpoints,endpoints,endpoints,object,required,no,no,,,,{},,KB-006,Known endpoint members are repeated in official examples but the response is intentionally open to additional fields
core_canonical,REC-FLD-004,The official response shape is direct while reference app persistence only reinforces known endpoint members,EnvironmentParametersResponse,environmentName,environment_name,environmentName,string,required,no,no,,,,,SANDBOX,KB-006,
core_canonical,REC-FLD-004,The official response shape is direct while reference app persistence only reinforces known endpoint members,EnvironmentParametersResponse,logo,logo,logo,string,required,no,no,,url,,,https://...,KB-006,
core_canonical,REC-FLD-004,The official response shape is direct while reference app persistence only reinforces known endpoint members,EnvironmentParametersResponse,ntpServer,ntp_server,ntpServer,string,required,no,no,,url,,,http://0.europe.pool.ntp.org:80/,KB-006,
core_canonical,REC-FLD-004,The official response shape is direct while reference app persistence only reinforces known endpoint members,EnvironmentParametersResponse,supportedLanguages,supported_languages,supportedLanguages,array,required,no,yes,,,,[],[en-US],KB-006,
core_canonical,REC-FLD-004,The official response shape is direct while reference app persistence only reinforces known endpoint members,EnvironmentEndpoints,taxpayerAdminPortal,taxpayer_admin_portal,taxpayerAdminPortal,string,optional,yes,no,,url,,,https://tap.sandbox.taxcore.dti.rs:443/,KB-006; REF-001,Repeated in official examples and mirrored by the reference app model
core_canonical,REC-FLD-004,The official response shape is direct while reference app persistence only reinforces known endpoint members,EnvironmentEndpoints,taxCoreApi,tax_core_api,taxCoreApi,string,optional,yes,no,,url,,,https://api.sandbox.taxcore.dti.rs:443/,KB-006; REF-001,Repeated in official examples and used by the reference app as the API bootstrap URL
core_canonical,REC-FLD-004,The official response shape is direct while reference app persistence only reinforces known endpoint members,EnvironmentEndpoints,vsdc,vsdc,vsdc,string,optional,yes,no,,url,,,https://vsdc.sandbox.taxcore.dti.rs:443/,KB-006; REF-001,Repeated in official examples and modeled by the reference app
core_canonical,REC-FLD-004,The official response shape is direct while reference app persistence only reinforces known endpoint members,EnvironmentEndpoints,root,root,root,string,optional,yes,no,,url,,,https://frontendui.sandbox.taxcore.dti.rs:443/v/?vl=,KB-006; REF-001,Repeated in official examples and modeled by the reference app
core_canonical,REC-FLD-005,Official ModelErrors schema directly supports these fields,ValidationErrorResponse,message,message,message,string,required,no,no,,,,,The request is invalid.,KB-006,Top-level validation failure message
core_canonical,REC-FLD-005,Official ModelErrors schema directly supports these fields,ValidationErrorResponse,modelState,model_state,modelState,array,required,no,yes,,,,[],[],KB-006,Array of property-scoped validation errors
core_canonical,REC-FLD-005,Official ModelErrors schema directly supports these fields,ValidationErrorItem,property,property_path,property,string,required,no,no,,,,,items[0].gtin,KB-006,Empty string when the error is not associated with a specific JSON property
core_canonical,REC-FLD-005,Official ModelErrors schema directly supports these fields,ValidationErrorItem,errors,error_codes,errors,array,required,no,yes,,,,[],[2803],KB-006,Codes come from the shared status and error code table
core_canonical,REC-FLD-006,These byte-level response structures are directly specified,SecureElementVersionResponse,major,major_version,major,uint32_be,required,no,no,,,version_segment,,3,KB-006,Encoded in bytes 0-3
core_canonical,REC-FLD-006,These byte-level response structures are directly specified,SecureElementVersionResponse,minor,minor_version,minor,uint32_be,required,no,no,,,version_segment,,2,KB-006,Encoded in bytes 4-7
core_canonical,REC-FLD-006,These byte-level response structures are directly specified,SecureElementVersionResponse,patch,patch_version,patch,uint32_be,required,no,no,,,version_segment,,5,KB-006,Encoded in bytes 8-11
core_canonical,REC-FLD-006,These byte-level response structures are directly specified,SecureElementCertParamsResponse,uid,uid,uid,ascii_bytes,required,no,no,,,uid_ascii,,DS7XLSRE,KB-006; KB-010,Bytes 0-7 transformed to the 8-character UID string
core_canonical,REC-FLD-006,These byte-level response structures are directly specified,SecureElementCertParamsResponse,notBefore,certificate_not_before,notBefore,unix_timestamp_utc,required,no,no,,unix_timestamp_utc,,,2025-04-30T15:14:49Z,KB-006,Bytes 8-15
core_canonical,REC-FLD-006,These byte-level response structures are directly specified,SecureElementCertParamsResponse,notAfter,certificate_not_after,notAfter,unix_timestamp_utc,required,no,no,,unix_timestamp_utc,,,2028-04-30T15:24:49Z,KB-006,Bytes 16-23
core_canonical,REC-FLD-006,These byte-level response structures are directly specified,AmountStatusResponse,sumSaleAndRefund,total_signed_amount,sumSaleAndRefund,uint56_be,required,no,no,,,currency_amount_x10000,,490878370600,KB-006,First 7 bytes encode current SALE plus REFUND sum
core_canonical,REC-FLD-006,These byte-level response structures are directly specified,AmountStatusResponse,limitAmount,limit_amount,limitAmount,uint56_be,required,no,no,,,currency_amount_x10000,,1000000000000000,KB-006,Last 7 bytes encode secure element limit
core_canonical,REC-FLD-007,The spec directly defines the byte layouts and version-gated CRC behavior,SignInvoiceApduRequest,dateTimeUtc,timestamp_utc,dateTime,unix_timestamp_utc,required,no,no,,unix_timestamp_utc,,,2017-05-17T10:46:51.910Z,KB-006,Bytes 0-7
core_canonical,REC-FLD-007,The spec directly defines the byte layouts and version-gated CRC behavior,SignInvoiceApduRequest,taxpayerId,taxpayer_id,taxpayerId,ascii_bytes_left_padded,required,no,no,,,fixed_20_bytes,,928615467,KB-006,Bytes 8-27 left padded with zeros
core_canonical,REC-FLD-007,The spec directly defines the byte layouts and version-gated CRC behavior,SignInvoiceApduRequest,buyerId,buyer_id,buyerId,ascii_bytes_left_padded,required,no,no,,,fixed_20_bytes,,,KB-006,Bytes 28-47 zeros if unknown
core_canonical,REC-FLD-007,The spec directly defines the byte layouts and version-gated CRC behavior,SignInvoiceApduRequest,invoiceType,invoice_type,invoiceType,byte,required,no,no,TaxCoreInvoiceType,,,,0,KB-006,Byte 48
core_canonical,REC-FLD-007,The spec directly defines the byte layouts and version-gated CRC behavior,SignInvoiceApduRequest,transactionType,transaction_type,transactionType,byte,required,no,no,TaxCoreTransactionType,,,,0,KB-006,Byte 49
core_canonical,REC-FLD-007,The spec directly defines the byte layouts and version-gated CRC behavior,SignInvoiceApduRequest,invoiceAmount,invoice_amount,invoiceAmount,uint56_be,required,no,no,,,currency_amount_x10000,,240.0000,KB-006,Bytes 50-56 in current spec
core_canonical,REC-FLD-007,The spec directly defines the byte layouts and version-gated CRC behavior,SignInvoiceApduRequest,numberOfTaxCategories,tax_category_count,numberOfTaxCategories,byte,required,no,no,,,count,,1,KB-006,Byte 57 current spec max 12
core_canonical,REC-FLD-007,The spec directly defines the byte layouts and version-gated CRC behavior,SignInvoiceApduRequest,taxCategories[0].taxCategoryId,tax_category_id,taxCategoryId,byte,required_if_present,no,no,,,order_id,,3,KB-006,Byte 58 for first category in current spec
core_canonical,REC-FLD-007,The spec directly defines the byte layouts and version-gated CRC behavior,SignInvoiceApduRequest,taxCategories[0].taxCategoryAmount,tax_category_amount,taxCategoryAmount,uint56_be,required_if_present,no,no,,,currency_amount_x10000,,13.5849,KB-006,Bytes 59-65 for first category in current spec
core_canonical,REC-FLD-007,The spec directly defines the byte layouts and version-gated CRC behavior,SignInvoiceApduRequest,crc,crc,crc,uint32_be,optional,yes,no,,,crc32,,0x90F2BC39,KB-006,Present from SE 3.2.5 CRC mode
core_canonical,REC-FLD-008,The official APDU sections explicitly state that LastSignedInvoice reuses the SignInvoice response shape,SignInvoiceApduResponse,dateTimeUtc,timestamp_utc,dateTime,unix_timestamp_utc,required,no,no,,unix_timestamp_utc,,,2017-05-17T10:46:51.910Z,KB-006,Bytes 0-7 same as request
core_canonical,REC-FLD-008,The official APDU sections explicitly state that LastSignedInvoice reuses the SignInvoice response shape,SignInvoiceApduResponse,taxpayerId,taxpayer_id,taxpayerId,ascii_bytes_left_padded,required,no,no,,,fixed_20_bytes,,928615467,KB-006,Bytes 8-27 same as request
core_canonical,REC-FLD-008,The official APDU sections explicitly state that LastSignedInvoice reuses the SignInvoice response shape,SignInvoiceApduResponse,buyerId,buyer_id,buyerId,ascii_bytes_left_padded,required,no,no,,,fixed_20_bytes,,,KB-006,Bytes 28-47 same as request
core_canonical,REC-FLD-008,The official APDU sections explicitly state that LastSignedInvoice reuses the SignInvoice response shape,SignInvoiceApduResponse,invoiceType,invoice_type,invoiceType,byte,required,no,no,TaxCoreInvoiceType,,,,0,KB-006,Byte 48 same as request
core_canonical,REC-FLD-008,The official APDU sections explicitly state that LastSignedInvoice reuses the SignInvoice response shape,SignInvoiceApduResponse,transactionType,transaction_type,transactionType,byte,required,no,no,TaxCoreTransactionType,,,,0,KB-006,Byte 49 same as request
core_canonical,REC-FLD-008,The official APDU sections explicitly state that LastSignedInvoice reuses the SignInvoice response shape,SignInvoiceApduResponse,invoiceAmount,invoice_amount,invoiceAmount,uint56_be,required,no,no,,,currency_amount_x10000,,240.0000,KB-006,Bytes 50-56 same as request
core_canonical,REC-FLD-008,The official APDU sections explicitly state that LastSignedInvoice reuses the SignInvoice response shape,SignInvoiceApduResponse,saleOrRefundCounterValue,transaction_counter_value,saleOrRefundCounterValue,uint32_be,required,no,no,,,count,,124,KB-006,Bytes 57-60
core_canonical,REC-FLD-008,The official APDU sections explicitly state that LastSignedInvoice reuses the SignInvoice response shape,SignInvoiceApduResponse,totalCounterValue,total_counter_value,totalCounterValue,uint32_be,required,no,no,,,count,,150,KB-006,Bytes 61-64
core_canonical,REC-FLD-008,The official APDU sections explicitly state that LastSignedInvoice reuses the SignInvoice response shape,SignInvoiceApduResponse,encryptedInternalData,encrypted_internal_data,encryptedInternalData,bytes,required,no,no,,,256_or_512_bytes,,...,KB-006,Bytes 65-320 or 65-576
core_canonical,REC-FLD-008,The official APDU sections explicitly state that LastSignedInvoice reuses the SignInvoice response shape,SignInvoiceApduResponse,digitalSignature,digital_signature,digitalSignature,bytes,required,no,no,,,256_bytes,,...,KB-006,Bytes 321-576 or 577-832 depending internal data length
core_canonical,REC-FLD-008,The official APDU sections explicitly state that LastSignedInvoice reuses the SignInvoice response shape,SignInvoiceApduResponse,crc,crc,crc,uint32_be,optional,yes,no,,,crc32,,...,KB-006,Present from SE 3.2.5 CRC mode
core_canonical,REC-FLD-008,The official APDU sections explicitly state that LastSignedInvoice reuses the SignInvoice response shape,LastSignedInvoiceResponse,dateTimeUtc,timestamp_utc,dateTime,unix_timestamp_utc,required,no,no,,unix_timestamp_utc,,,2017-05-17T10:46:51.910Z,KB-006,Same layout as SignInvoiceApduResponse
core_canonical,REC-FLD-008,The official APDU sections explicitly state that LastSignedInvoice reuses the SignInvoice response shape,LastSignedInvoiceResponse,taxpayerId,taxpayer_id,taxpayerId,ascii_bytes_left_padded,required,no,no,,,fixed_20_bytes,,928615467,KB-006,Same layout as SignInvoiceApduResponse
core_canonical,REC-FLD-008,The official APDU sections explicitly state that LastSignedInvoice reuses the SignInvoice response shape,LastSignedInvoiceResponse,buyerId,buyer_id,buyerId,ascii_bytes_left_padded,required,no,no,,,fixed_20_bytes,,,KB-006,Same layout as SignInvoiceApduResponse
core_canonical,REC-FLD-008,The official APDU sections explicitly state that LastSignedInvoice reuses the SignInvoice response shape,LastSignedInvoiceResponse,invoiceType,invoice_type,invoiceType,byte,required,no,no,TaxCoreInvoiceType,,,,0,KB-006,Same layout as SignInvoiceApduResponse
core_canonical,REC-FLD-008,The official APDU sections explicitly state that LastSignedInvoice reuses the SignInvoice response shape,LastSignedInvoiceResponse,transactionType,transaction_type,transactionType,byte,required,no,no,TaxCoreTransactionType,,,,0,KB-006,Same layout as SignInvoiceApduResponse
core_canonical,REC-FLD-008,The official APDU sections explicitly state that LastSignedInvoice reuses the SignInvoice response shape,LastSignedInvoiceResponse,invoiceAmount,invoice_amount,invoiceAmount,uint56_be,required,no,no,,,currency_amount_x10000,,240.0000,KB-006,Same layout as SignInvoiceApduResponse
core_canonical,REC-FLD-008,The official APDU sections explicitly state that LastSignedInvoice reuses the SignInvoice response shape,LastSignedInvoiceResponse,saleOrRefundCounterValue,transaction_counter_value,saleOrRefundCounterValue,uint32_be,required,no,no,,,count,,124,KB-006,Same layout as SignInvoiceApduResponse
core_canonical,REC-FLD-008,The official APDU sections explicitly state that LastSignedInvoice reuses the SignInvoice response shape,LastSignedInvoiceResponse,totalCounterValue,total_counter_value,totalCounterValue,uint32_be,required,no,no,,,count,,150,KB-006,Same layout as SignInvoiceApduResponse
core_canonical,REC-FLD-008,The official APDU sections explicitly state that LastSignedInvoice reuses the SignInvoice response shape,LastSignedInvoiceResponse,encryptedInternalData,encrypted_internal_data,encryptedInternalData,bytes,required,no,no,,,256_or_512_bytes,,...,KB-006,Same layout as SignInvoiceApduResponse
core_canonical,REC-FLD-008,The official APDU sections explicitly state that LastSignedInvoice reuses the SignInvoice response shape,LastSignedInvoiceResponse,digitalSignature,digital_signature,digitalSignature,bytes,required,no,no,,,256_bytes,,...,KB-006,Same layout as SignInvoiceApduResponse
core_canonical,REC-FLD-008,The official APDU sections explicitly state that LastSignedInvoice reuses the SignInvoice response shape,LastSignedInvoiceResponse,crc,crc,crc,uint32_be,optional,yes,no,,,crc32,,...,KB-006,Present from SE 3.2.5 CRC mode
core_canonical,REC-FLD-007,The spec directly defines the byte layouts and version-gated CRC behavior,ForwardSecureElementDirectiveRequest,payload,directive_payload,payload,bytes,required,no,no,,,512_or_516_bytes,,...,KB-006,512 bytes plus optional CRC depending version
guidance_canonical,REC-FLD-009,This shape is explicit in the applications guide but remains outside the core LPFR protocol spec,InvoiceVerificationResponse,invoiceRequest,invoice_request,invoiceRequest,object,required,no,no,,,,,{},KB-013,Guidance-backed public verification payload request view
guidance_canonical,REC-FLD-009,This shape is explicit in the applications guide but remains outside the core LPFR protocol spec,InvoiceVerificationResponse,invoiceResult,invoice_result,invoiceResult,object,required,no,no,,,,,{},KB-013,Guidance-backed public verification payload result view
guidance_canonical,REC-FLD-009,This shape is explicit in the applications guide but remains outside the core LPFR protocol spec,InvoiceVerificationResponse,journal,journal,journal,string,required,no,no,,textual_receipt,,,============ FISCAL INVOICE ============,KB-013,Guidance-backed journal returned by the public verification service
guidance_canonical,REC-FLD-009,This shape is explicit in the applications guide but remains outside the core LPFR protocol spec,InvoiceVerificationResponse,isValid,is_valid,isValid,boolean,required,no,no,,,,,true,KB-013,Guidance-backed receipt verification flag
guidance_canonical,REC-FLD-009,This shape is explicit in the applications guide but remains outside the core LPFR protocol spec,VerifiedInvoiceRequestView,posTime,pos_time,posTime,string,optional,yes,no,,iso_8601_datetime,,,2024-08-28T12:37:28.033Z,KB-013,Guidance-backed field and may be null
guidance_canonical,REC-FLD-009,This shape is explicit in the applications guide but remains outside the core LPFR protocol spec,VerifiedInvoiceRequestView,taxId,tax_id,taxId,string,required,no,no,,unicode,,,240799085,KB-013,Taxpayer identification number in verification response
guidance_canonical,REC-FLD-009,This shape is explicit in the applications guide but remains outside the core LPFR protocol spec,VerifiedInvoiceRequestView,businessName,business_name,businessName,string,required,no,no,,unicode,,,Knjige,KB-013,
guidance_canonical,REC-FLD-009,This shape is explicit in the applications guide but remains outside the core LPFR protocol spec,VerifiedInvoiceRequestView,locationName,location_name,locationName,string,required,no,no,,unicode,,,1155567-Knjiga 1,KB-013,
guidance_canonical,REC-FLD-009,This shape is explicit in the applications guide but remains outside the core LPFR protocol spec,VerifiedInvoiceRequestView,address,address,address,string,required,no,no,,unicode,,,Prvomajska 13,KB-013,
guidance_canonical,REC-FLD-009,This shape is explicit in the applications guide but remains outside the core LPFR protocol spec,VerifiedInvoiceRequestView,city,city,city,string,required,no,no,,unicode,,,БЕОГРАД,KB-013,
guidance_canonical,REC-FLD-009,This shape is explicit in the applications guide but remains outside the core LPFR protocol spec,VerifiedInvoiceRequestView,administrativeUnit,administrative_unit,administrativeUnit,string,required,no,no,,unicode,,,Београд-Нови Београд,KB-013,
guidance_canonical,REC-FLD-009,This shape is explicit in the applications guide but remains outside the core LPFR protocol spec,VerifiedInvoiceRequestView,buyer,buyer,buyer,object,optional,yes,no,,,,,,KB-013,Guidance-backed field and may be null
guidance_canonical,REC-FLD-009,This shape is explicit in the applications guide but remains outside the core LPFR protocol spec,VerifiedInvoiceRequestView,buyerCostCenter,buyer_cost_center,buyerCostCenter,object,optional,yes,no,,,,,,KB-013,Guidance-backed field and may be null
guidance_canonical,REC-FLD-009,This shape is explicit in the applications guide but remains outside the core LPFR protocol spec,VerifiedInvoiceRequestView,cashier,cashier,cashier,string,optional,yes,no,,unicode,,,,KB-013,Guidance-backed field and may be null
guidance_canonical,REC-FLD-009,This shape is explicit in the applications guide but remains outside the core LPFR protocol spec,VerifiedInvoiceRequestView,requestedBy,requested_by,requestedBy,string,required,no,no,,uid_ascii,,,5BX9A4MP,KB-013,UID of the requesting secure element
guidance_canonical,REC-FLD-009,This shape is explicit in the applications guide but remains outside the core LPFR protocol spec,VerifiedInvoiceRequestView,referentDocumentNumber,referent_document_number,referentDocumentNumber,string,optional,yes,no,,reference_number,,,,KB-013,May be null
guidance_canonical,REC-FLD-009,This shape is explicit in the applications guide but remains outside the core LPFR protocol spec,VerifiedInvoiceRequestView,invoiceType,invoice_type,invoiceType,int,required,no,no,TaxCoreInvoiceType,,,,0,KB-013,Guidance-backed field and applications guide shows numeric enum values
guidance_canonical,REC-FLD-009,This shape is explicit in the applications guide but remains outside the core LPFR protocol spec,VerifiedInvoiceRequestView,transactionType,transaction_type,transactionType,int,required,no,no,TaxCoreTransactionType,,,,0,KB-013,Guidance-backed field and applications guide shows numeric enum values
guidance_canonical,REC-FLD-009,This shape is explicit in the applications guide but remains outside the core LPFR protocol spec,VerifiedInvoiceRequestView,payments,payments,payments,array,required,no,yes,,,,[],[],KB-013,
guidance_canonical,REC-FLD-009,This shape is explicit in the applications guide but remains outside the core LPFR protocol spec,VerifiedPaymentItem,paymentType,payment_type,paymentType,int,required,no,no,TaxCorePaymentType,,,,3,KB-013,Guidance-backed field and applications guide shows numeric enum values
guidance_canonical,REC-FLD-009,This shape is explicit in the applications guide but remains outside the core LPFR protocol spec,VerifiedPaymentItem,amount,amount,amount,decimal,required,no,no,,,currency_amount,,1.0000,KB-013,
guidance_canonical,REC-FLD-009,This shape is explicit in the applications guide but remains outside the core LPFR protocol spec,VerifiedInvoiceResultView,totalAmount,total_amount,totalAmount,decimal,required,no,no,,,currency_amount,,1.0,KB-013,
guidance_canonical,REC-FLD-009,This shape is explicit in the applications guide but remains outside the core LPFR protocol spec,VerifiedInvoiceResultView,transactionTypeCounter,transaction_type_counter,transactionTypeCounter,integer,required,no,no,,,count,,12283,KB-013,
guidance_canonical,REC-FLD-009,This shape is explicit in the applications guide but remains outside the core LPFR protocol spec,VerifiedInvoiceResultView,totalCounter,total_counter,totalCounter,integer,required,no,no,,,count,,12327,KB-013,
guidance_canonical,REC-FLD-009,This shape is explicit in the applications guide but remains outside the core LPFR protocol spec,VerifiedInvoiceResultView,invoiceCounterExtension,invoice_counter_extension,invoiceCounterExtension,string,required,no,no,,unicode,,,NS,KB-013,
guidance_canonical,REC-FLD-009,This shape is explicit in the applications guide but remains outside the core LPFR protocol spec,VerifiedInvoiceResultView,invoiceNumber,invoice_number,invoiceNumber,string,required,no,no,,reference_number,,,5BX9A4MP-AAYH6AO0-12327,KB-013,
guidance_canonical,REC-FLD-009,This shape is explicit in the applications guide but remains outside the core LPFR protocol spec,VerifiedInvoiceResultView,signedBy,signed_by,signedBy,string,required,no,no,,uid_ascii,,,AAYH6AO0,KB-013,
guidance_canonical,REC-FLD-009,This shape is explicit in the applications guide but remains outside the core LPFR protocol spec,VerifiedInvoiceResultView,sdcTime,sdc_time,sdcTime,string,required,no,no,,iso_8601_utc_datetime,,,2024-08-28T12:37:28.033Z,KB-013,Guidance-backed field and applications guide uses sdcTime label
reference_only,REC-FLD-010,Official corpus supports certificate export but not this exact helper object shape,CertificateMetadata,uniqueIdentifier,unique_identifier,UniqueIdentifier,string,optional,yes,no,,unicode,,,ASDJKA1$DJL2A,REF-006,Reference-only adapter field; helper maps this to device serial number when present
reference_only,REC-FLD-010,Official corpus supports certificate export but not this exact helper object shape,CertificateMetadata,commonName,common_name,CommonName,string,optional,yes,no,,unicode,,,Business Location,REF-006,
reference_only,REC-FLD-010,Official corpus supports certificate export but not this exact helper object shape,CertificateMetadata,requestedBy,requested_by,RequestedBy,string,optional,yes,no,,unicode_email,,,cashier@example.com,REF-006,Reference-only adapter field; helper maps this to email from certificate request data
reference_only,REC-FLD-010,Official corpus supports certificate export but not this exact helper object shape,CertificateMetadata,organization,organization,Organization,string,optional,yes,no,,unicode,,,Company DOO,REF-006,
reference_only,REC-FLD-010,Official corpus supports certificate export but not this exact helper object shape,CertificateMetadata,organizationUnit,organization_unit,OrganizationUnit,string,optional,yes,no,,unicode,,,1155567-Knjiga 1,REF-006,
reference_only,REC-FLD-010,Official corpus supports certificate export but not this exact helper object shape,CertificateMetadata,streetAddress,street_address,StreetAddress,string,optional,yes,no,,unicode,,,Prvomajska 13,REF-006,
reference_only,REC-FLD-010,Official corpus supports certificate export but not this exact helper object shape,CertificateMetadata,state,state,State,string,optional,yes,no,,unicode,,,Београд-Нови Београд,REF-006,
reference_only,REC-FLD-010,Official corpus supports certificate export but not this exact helper object shape,CertificateMetadata,givenName,given_name,GivenName,string,optional,yes,no,,unicode,,,Ime,REF-006,
reference_only,REC-FLD-010,Official corpus supports certificate export but not this exact helper object shape,CertificateMetadata,surName,sur_name,SurName,string,optional,yes,no,,unicode,,,Prezime,REF-006,
reference_only,REC-FLD-010,Official corpus supports certificate export but not this exact helper object shape,CertificateMetadata,expiryDate,expiry_date,ExpiryDate,string,required,no,no,,iso_8601_datetime,,,2028-04-30T15:24:49Z,REF-006,
reference_only,REC-FLD-010,Official corpus supports certificate export but not this exact helper object shape,CertificateMetadata,certificateType,certificate_type,CertificateType,int,required,no,no,CertificateType,,,,32,REF-006,
reference_only,REC-FLD-010,Official corpus supports certificate export but not this exact helper object shape,CertificateMetadata,tin,tin,TIN,string,optional,yes,no,,unicode,,,240799085,REF-006,Reference-only adapter field extracted from a custom extension OID branch
reference_only,REC-FLD-010,Official corpus supports certificate export but not this exact helper object shape,CertificateMetadata,taxCoreApiUrl,tax_core_api_url,TaxCoreApiUrl,string,optional,yes,no,,url,,,https://api.sandbox.taxcore.dti.rs:443,REF-006,Reference-only adapter field extracted from a custom extension OID branch
reference_only,REC-FLD-010,Official corpus supports certificate export but not this exact helper object shape,CertificateMetadata,issuerName,issuer_name,IssuerName,string,optional,yes,no,,unicode,,,TaxCore Sandbox ICA,REF-006,
core_canonical,TXC-FLD-001,Shared Configuration service mirrors the bootstrap field graph but remains a distinct public contract surface,TaxCoreConfigurationResponse,organizationName,organization_name,organizationName,string,required,no,no,,,,,Data Tech International,KB-006,Shared Configuration service response; same field graph as EnvironmentParametersResponse
core_canonical,TXC-FLD-001,Shared Configuration service mirrors the bootstrap field graph but remains a distinct public contract surface,TaxCoreConfigurationResponse,serverTimeZone,server_time_zone,serverTimeZone,string,required,no,no,,,,,Fiji Standard Time,KB-006,Shared Configuration service response; same field graph as EnvironmentParametersResponse
core_canonical,TXC-FLD-001,Shared Configuration service mirrors the bootstrap field graph but remains a distinct public contract surface,TaxCoreConfigurationResponse,street,street,street,string,required,no,no,,,,,Kruzni put 7,KB-006,Shared Configuration service response; same field graph as EnvironmentParametersResponse
core_canonical,TXC-FLD-001,Shared Configuration service mirrors the bootstrap field graph but remains a distinct public contract surface,TaxCoreConfigurationResponse,city,city,city,string,required,no,no,,,,,Belgrade,KB-006,Shared Configuration service response; same field graph as EnvironmentParametersResponse
core_canonical,TXC-FLD-001,Shared Configuration service mirrors the bootstrap field graph but remains a distinct public contract surface,TaxCoreConfigurationResponse,country,country,country,string,required,no,no,,,,,RS,KB-006,Shared Configuration service response; same field graph as EnvironmentParametersResponse
core_canonical,TXC-FLD-001,Shared Configuration service mirrors the bootstrap field graph but remains a distinct public contract surface,TaxCoreConfigurationResponse,endpoints,endpoints,endpoints,object,required,no,no,,,,{},,KB-006,Shared Configuration service response; endpoint object is open-ended even though official examples repeat known keys
core_canonical,TXC-FLD-001,Shared Configuration service mirrors the bootstrap field graph but remains a distinct public contract surface,TaxCoreConfigurationResponse,environmentName,environment_name,environmentName,string,required,no,no,,,,,SANDBOX,KB-006,Shared Configuration service response; same field graph as EnvironmentParametersResponse
core_canonical,TXC-FLD-001,Shared Configuration service mirrors the bootstrap field graph but remains a distinct public contract surface,TaxCoreConfigurationResponse,logo,logo,logo,string,required,no,no,,url,,,https://...,KB-006,Shared Configuration service response; same field graph as EnvironmentParametersResponse
core_canonical,TXC-FLD-001,Shared Configuration service mirrors the bootstrap field graph but remains a distinct public contract surface,TaxCoreConfigurationResponse,ntpServer,ntp_server,ntpServer,string,required,no,no,,url,,,http://0.europe.pool.ntp.org:80/,KB-006,Shared Configuration service response; same field graph as EnvironmentParametersResponse
core_canonical,TXC-FLD-001,Shared Configuration service mirrors the bootstrap field graph but remains a distinct public contract surface,TaxCoreConfigurationResponse,supportedLanguages,supported_languages,supportedLanguages,array,required,no,yes,,,,[],[en-US],KB-006,Shared Configuration service response; same field graph as EnvironmentParametersResponse
core_canonical,TXC-FLD-002,Shared Tax Rates response wrapper is explicitly published,TaxRatesResponse,currentTaxRates,current_tax_rates,currentTaxRates,array,required,no,yes,,,,[],[],KB-006,The shared Tax Rates service example serializes currentTaxRates as an array of TaxRateGroup entries
core_canonical,TXC-FLD-002,Shared Tax Rates response wrapper is explicitly published,TaxRatesResponse,allTaxRates,all_tax_rates,allTaxRates,array,required,no,yes,,,,[],[],KB-006,All historical and future approved TaxRateGroup entries for the environment
core_canonical,TXC-FLD-003,Tax-rate models are source-published and reused across shared and LPFR status surfaces,TaxRateGroup,validFrom,valid_from,validFrom,string,required,no,no,,iso_8601_datetime,,,2020-08-03T12:56:56,KB-006,
core_canonical,TXC-FLD-003,Tax-rate models are source-published and reused across shared and LPFR status surfaces,TaxRateGroup,groupId,group_id,groupId,integer,required,no,no,,,revision_number,,2,KB-006,
core_canonical,TXC-FLD-003,Tax-rate models are source-published and reused across shared and LPFR status surfaces,TaxRateGroup,taxCategories,tax_categories,taxCategories,array,required,no,yes,,,,[],[],KB-006,
core_canonical,TXC-FLD-003,Tax-rate models are source-published and reused across shared and LPFR status surfaces,TaxCategory,name,name,name,string,required,no,no,,unicode,,,ECAL,KB-006,
core_canonical,TXC-FLD-003,Tax-rate models are source-published and reused across shared and LPFR status surfaces,TaxCategory,type,category_type,type,integer,required,no,no,TaxCategoryType,,,,0,KB-006,Source model table uses type while examples serialize categoryType
core_canonical,TXC-FLD-003,Tax-rate models are source-published and reused across shared and LPFR status surfaces,TaxCategory,orderId,order_id,orderId,integer,required,no,no,,,category_order_id,,1,KB-006,
core_canonical,TXC-FLD-003,Tax-rate models are source-published and reused across shared and LPFR status surfaces,TaxCategory,taxRates,tax_rates,taxRates,array,required,no,yes,,,,[],[],KB-006,Source model table contains an OCR typo raxRates while examples serialize taxRates
core_canonical,TXC-FLD-003,Tax-rate models are source-published and reused across shared and LPFR status surfaces,TaxRate,label,label,label,string,required,no,no,,unicode,,,D,KB-006,
core_canonical,TXC-FLD-003,Tax-rate models are source-published and reused across shared and LPFR status surfaces,TaxRate,rate,rate,rate,decimal,required,no,no,,,tax_rate_percentage,,5,KB-006,
core_canonical,TXC-FLD-004,Shared Environments service publishes this environment-discovery field graph,EnvironmentDescriptor,name,name,name,string,required,no,no,,unicode,,,Sandbox,KB-006,
core_canonical,TXC-FLD-004,Shared Environments service publishes this environment-discovery field graph,EnvironmentDescriptor,url,url,url,string,required,no,no,,,,,sandbox.taxcore.online,KB-006,Source text describes this as the root URL or hostname for constructing well-known service URLs
core_canonical,TXC-FLD-004,Shared Environments service publishes this environment-discovery field graph,EnvironmentDescriptor,description,description,description,string,required,no,no,,unicode,,,,KB-006,
core_canonical,TXC-FLD-004,Shared Environments service publishes this environment-discovery field graph,EnvironmentDescriptor,environmentName,environment_name,environmentName,string,required,no,no,,,,,SANDBOX,KB-006,Marked for internal use only in the published service description
core_canonical,TXC-FLD-005,Backend token response fields are source-published and stable,AuthenticationTokenResponse,token,token,token,string,required,no,no,,uuid,,,245ebd69-1438-4dc3-a65b-18f1a527f093,KB-006,Returned token is reused for other TaxCore.API E-SDC services until expiresAt
core_canonical,TXC-FLD-005,Backend token response fields are source-published and stable,AuthenticationTokenResponse,expiresAt,expires_at,expiresAt,string,required,no,no,,iso_8601_utc_datetime,,,2020-12-23 15:18:33Z,KB-006,Returned in UTC time
core_canonical,TXC-FLD-006,Backend command field graph is source-published and reused by multiple E-SDC services,Command,commandId,command_id,commandId,string,required,no,no,,uuid,,,3930CEEF-F637-444D-8295-F629D6E482D3,KB-006,Unique identifier assigned by TaxCore
core_canonical,TXC-FLD-006,Backend command field graph is source-published and reused by multiple E-SDC services,Command,type,type,type,integer,required,no,no,CommandsType,,,,1,KB-006,
core_canonical,TXC-FLD-006,Backend command field graph is source-published and reused by multiple E-SDC services,Command,payload,payload,payload,string,required,no,no,,json_or_plain_string,,,0.europe.pool.ntp.org,KB-006,Command payload format depends on the command type
core_canonical,TXC-FLD-006,Backend command field graph is source-published and reused by multiple E-SDC services,Command,uid,uid,uid,string,required,no,no,,uid_ascii,,,ABCD1234,KB-006,UID of the targeted secure element or device scope
core_canonical,TXC-FLD-007,Audit backend request and response field graphs are source-published,AuditPackage,key,key,key,string,required,no,no,,base64,,,VGhpcyBJcyBLZXkK...,KB-006,One-time symmetric key encrypted with the TaxCore public key
core_canonical,TXC-FLD-007,Audit backend request and response field graphs are source-published,AuditPackage,iv,iv,iv,string,required,no,no,,base64,,,VGhpcyBJcyBJVgo...,KB-006,Initialization vector encrypted with the TaxCore public key
core_canonical,TXC-FLD-007,Audit backend request and response field graphs are source-published,AuditPackage,payload,payload,payload,string,required,no,no,,base64,,,VGhpcyBJcyBQYXlsb2FkCg...,KB-006,Encrypted audit data payload
core_canonical,TXC-FLD-007,Audit backend request and response field graphs are source-published,AuditDataStatus,status,status,status,integer,optional,yes,no,,,,,4,KB-006,See AUDIT_DATA_STATUS for documented meanings and retry or deletion behavior
core_canonical,TXC-FLD-007,Audit backend request and response field graphs are source-published,AuditDataStatus,commands,commands,commands,array,optional,yes,yes,,,,[],[],KB-006,Array of Command entries returned together with the audit status
core_canonical,TXC-FLD-007,Audit backend request and response field graphs are source-published,ProofOfAuditRequest,auditRequestPayload,audit_request_payload,auditRequestPayload,string,required,no,no,,base64,,,d4A/iLtwmDYeZyacm/nDlCF...,KB-006,Base64 encoded Start Audit APDU response payload
core_canonical,TXC-FLD-007,Audit backend request and response field graphs are source-published,ProofOfAuditRequest,sum,sum,sum,integer,required,no,no,,uint64,,,11034,KB-006,Current sum of SALE and REFUND obtained from Amount Status
core_canonical,TXC-FLD-007,Audit backend request and response field graphs are source-published,ProofOfAuditRequest,limit,limit,limit,integer,required,no,no,,uint64,,,100000,KB-006,Secure-element limit obtained from Amount Status
core_canonical,TXC-FLD-008,Shared Environments service array wrapper keeps the top-level collection explicit without weakening the underlying EnvironmentDescriptor field graph,EnvironmentDescriptorList,items,items,[],array,required,no,yes,,,,[],[],KB-006,Canonical top-level array wrapper whose repeated elements are EnvironmentDescriptor entries
core_canonical,TXC-FLD-009,E-SDC backend command array wrapper keeps top-level collection outputs explicit across initialization heartbeat and audit-status flows,CommandList,items,items,[],array,required,no,yes,,,,[],[],KB-006,Canonical top-level array wrapper whose repeated elements are Command entries
