BacklogId,SourceUnitId,SourcePath,LineRefs,CandidateKind,LayerHint,CandidateLabel,RawBacklogText,Authority,Confidence,ExistingWorkRefs,SecondPassStatus,Notes
BKL-001,SRC-006,/tmp/open_esir_corpus_extracts/Technical-Documentation.txt,2658-2825,contract,lpfr_service,GetStatus,"GET /api/v3/status status contract for both V-SDC and E-SDC; V-SDC uses client certificate and PAC header while E-SDC does not require client authentication.",official_spec,high,CTR-002; TYP-004,pending,Seeded from exact spec lines
BKL-002,SRC-006,/tmp/open_esir_corpus_extracts/Technical-Documentation.txt,2724-2819,type_cluster,lpfr_service,GetStatusResponse field cluster,"Status response field set includes isPinRequired auditRequired sdcDateTime lastInvoiceNumber protocolVersion secureElementVersion hardwareVersion softwareVersion deviceSerialNumber make model mssc gsc supportedLanguages uid taxCoreApi currentTaxRates and allTaxRates.",official_spec,high,TYP-004; fields.csv,pending,Keep as a raw cluster until second-pass normalization
BKL-003,SRC-006,/tmp/open_esir_corpus_extracts/Technical-Documentation.txt,2731-2740,rule,operational,Audit required threshold,"auditRequired becomes true when total signed amount reaches 75 percent or more of the secure-element maximum limit obtained through the Amount Status APDU command.",official_spec,high,RUL-001; TYP-020,pending,Needs reconciliation with manual-test behavior later
BKL-004,SRC-006,/tmp/open_esir_corpus_extracts/Technical-Documentation.txt,3306-3389,contract,lpfr_service,VerifyPin,"POST /api/v3/pin E-SDC-only contract with plain-text PIN request body and plain-text general status code response body.",official_spec,high,CTR-004; TYP-024,pending,The service description is explicit about transport shape
BKL-005,SRC-006,/tmp/open_esir_corpus_extracts/Technical-Documentation.txt,3311-3318,rule,operational,VerifyPin cache and re-entry,"On 0100 the E-SDC remembers the PIN in volatile memory until the card is removed or the E-SDC is switched off; if POS later receives 1500 it must ask for PIN again.",official_spec,high,RUL-015,pending,Important ESIR-LPFR session behavior
BKL-006,SRC-006,/tmp/open_esir_corpus_extracts/Technical-Documentation.txt,3360-3385,validator,lpfr_service,VerifyPin ASCII validator,"VerifyPin request body must contain only 4 ASCII digits 0-9; invalid format maps to status 2806.",official_spec,high,RUL-101,pending,This is stricter than a generic 4-character constraint
BKL-007,SRC-006,/tmp/open_esir_corpus_extracts/Technical-Documentation.txt,3370-3387,error_status_set,lpfr_service,VerifyPin status set,"VerifyPin-specific response codes listed here are 0100 2100 2110 1300 2220 2210 2230 2400 2806 and 1999.",official_spec,high,errors_statuses.csv,pending,Keep as a raw status set before regrouping by code system
BKL-008,SRC-006,/tmp/open_esir_corpus_extracts/Technical-Documentation.txt,3447-3464,contract_detail,lpfr_service,CreateInvoice request headers,"CreateInvoice request headers are Accept application/json Content-Type application/json optional RequestId with max length 32 Accept-Language with supportedLanguages/406 semantics and PAC for V-SDC.",official_spec,high,CTR-001; TYP-033; RUL-013; RUL-095,pending,Important transport-level detail
BKL-009,SRC-006,/tmp/open_esir_corpus_extracts/Technical-Documentation.txt,3747-3777,type_cluster,lpfr_service,InvoiceRequest model cluster,"Model block lists InvoiceRequest plus nested Payment options and Item model shapes including enum/string duality and option flags omitQRCodeGen and omitTextualRepresentation.",official_spec,high,TYP-001; TYP-002; TYP-004; fields.csv,pending,Second pass should split this into types fields and enum/value constraints
BKL-010,SRC-006,/tmp/open_esir_corpus_extracts/Technical-Documentation.txt,3731-3743,enum,lpfr_service,PaymentType numeric values,"Payment type numeric mapping is 0 Other 1 Cash 2 Card 3 Check 4 WireTransfer 5 Voucher 6 MobileMoney.",official_spec,high,enums.csv:TaxCorePaymentType,pending,Confirms numeric representation beside string forms
BKL-011,SRC-006,/tmp/open_esir_corpus_extracts/Technical-Documentation.txt,3790-3899,type_cluster,lpfr_service,InvoiceResult and TaxItem field cluster,"CreateInvoice response field set includes requestedBy signedBy sdcDateTime invoiceCounter invoiceCounterExtension invoiceNumber verificationUrl verificationQRCode journal totalCounter transactionTypeCounter totalAmount encryptedInternalData signature taxItems businessName locationName address tin district taxGroupRevision mrc messages and TaxItem fields label categoryName categoryType rate amount.",official_spec,high,TYP-003; TYP-006; fields.csv,pending,Second pass should split InvoiceResult TaxItem and response-only rule candidates
BKL-012,SRC-006,/tmp/open_esir_corpus_extracts/Technical-Documentation.txt,3865-3876,rule,lpfr_service,MRC response vs audit rule,"MRC is mandatory in audit packages sent to the tax authority but optional in the invoice response returned to POS.",official_spec,high,TYP-031,pending,Second pass should attach to journal/audit boundaries
BKL-013,SRC-006,/tmp/open_esir_corpus_extracts/Technical-Documentation.txt,5297-5348,contract,lpfr_service,GetLastSignedInvoice,"GET /api/v3/invoices/{requestId} returns the same response shape as CreateInvoice or null if not found; used when POS did not receive a response from CreateInvoice.",official_spec,high,CTR-006,pending,Recovery contract
BKL-014,SRC-006,/tmp/open_esir_corpus_extracts/Technical-Documentation.txt,5352-5368,rule,operational,RequestId uniqueness and retention,"If multiple POS devices share one E-SDC RequestId must be unique at the shared scope; GUID or POS_id plus request_id is recommended; last responses should be stored per request_id plus secure element UID in non-volatile memory at least until the next request.",official_spec,high,RUL-096; RUL-097; EX-041,pending,High-value operational guidance
BKL-015,SRC-006,/tmp/open_esir_corpus_extracts/Technical-Documentation.txt,5373-5404,type,lpfr_service,ValidationError model,"Error format is ModelErrors with message and modelState; ModelError has property and errors; property paths include array indexes in square brackets when needed.",official_spec,high,TYP-025; fields.csv,pending,Useful for ESIR validation UX
BKL-016,SRC-007,/tmp/open_esir_corpus_extracts/Concepts.txt,185-212,primitive_pair,domain,Pfx credentials,"PFX certificate password is always an 8-character uppercase alphanumeric code and PAC is always a 6-character uppercase alphanumeric code.",official_spec,high,TYP-029; TYP-030,pending,Stable glossary primitives
BKL-017,SRC-007,/tmp/open_esir_corpus_extracts/Concepts.txt,232-242,rule,domain,Verification URL required and rendered,"Verification URL is a standard component of every fiscal invoice, generated by SDC, returned in the response and rendered as QR code on printed receipts or as a hyperlink in electronic delivery.",official_spec,high,TYP-032; RUL-011,pending,Strong conceptual rule with rendering impact
BKL-018,SRC-007,/tmp/open_esir_corpus_extracts/Concepts.txt,311-345,rule_cluster,domain,Smart-card PIN and semi-connected E-SDC,"Smart card PIN is always 4 digits; after valid entry it need not be re-entered until card removal; E-SDC exposes JSON-based protocols to POS and stores audit data in internal memory for local and remote audits.",official_spec,high,RUL-015; journal_audit,pending,Contains both auth and offline-audit semantics
BKL-019,SRC-007,/tmp/open_esir_corpus_extracts/Concepts.txt,401-476,type,domain,ManufacturerRegistrationCode,"MRC consists of ProductCode ProductVersionCode and DeviceSerialNumber; it is mandatory in audit packages and optional in fiscalized data returned to POS; DeviceSerialNumber may contain special characters up to length 32.",official_spec,high,TYP-031; EX-031,pending,Use this source together with the protocol spec
BKL-020,SRC-013,/tmp/open_esir_corpus_extracts/Апликације.txt,200-239,contract,public_verification,Public verification JSON mode,"Invoice verification can be called by GET on the verification URL with Accept application/json and no authentication.",official_guidance,high,CTR-014; EX-033,pending,This is a public machine-readable contract even though it is documented in the applications guide
BKL-021,SRC-013,/tmp/open_esir_corpus_extracts/Апликације.txt,243-357,type_cluster,public_verification,InvoiceVerificationResponse shape,"Verification JSON response contains invoiceRequest invoiceResult journal and isValid; nested request/result objects expose POS time taxpayer/location/buyer/payment data and fiscalization counters plus invoice number and signedBy.",official_guidance,high,TYP-034; TYP-035; TYP-036; TYP-037,pending,Second pass should split nested view types and fields
BKL-022,SRC-013,/tmp/open_esir_corpus_extracts/Апликације.txt,361-418,enum_set,public_verification,Public verification numeric enums,"Applications guide maps invoiceType as 0 Promet 1 Predračun 2 Kopija 3 Obuka 4 Avans; transactionType as 0 Prodaja 1 Refundacija; paymentType as 0 Drugo bezgotovinsko 1 Gotovina 2 Platna kartica 3 Ček 4 Prenos na račun 5 Voucher 6 Instant plaćanje.",official_guidance,high,ENUM public verification mappings,pending,Useful numeric crosswalk beside protocol string names
BKL-023,REF-002,knowledge_base/VSDCRequestSubmitterV3.0/VSDCRequestSubmitter/Proxies/VSDCApiProxy.cs,31-66,reference_contract,vsdc_transport,Reference V-SDC envelope,"Reference client loads a certificate from StoreName.My StoreLocation.CurrentUser by subject CN, sends PAC header and optional Accept-Language and RequestId headers, then POSTs to /api/v3/invoices.",reference_impl,high,RUL-079; EX-035,pending,Reference-only evidence that supports transport interpretation
BKL-024,REF-004,knowledge_base/TaxCore.Libraries.Certificates/src/Certificates/CertificateTypes.cs,9-110,reference_enum,certificate_adapter,Certificate classes V31-V38,"Reference certificate library enumerates certificate classes V31 through V38 and OID suffixes 3.1 through 3.8 including auth signing encryption and developer variants.",reference_impl,high,ENUM-066..ENUM-073,pending,Reference adapter evidence
BKL-025,REF-004,knowledge_base/TaxCore.Libraries.Certificates/src/Certificates/Certificate.cs,79-252,reference_type,certificate_adapter,CertificateMetadata surface,"Reference certificate helper exposes metadata such as UniqueIdentifier CommonName RequestedBy Organization ExpiryDate CertificateType GivenName SurName OrganizationUnit StreetAddress State role flags plus ExtractTIN and ExtractTaxCoreApiUrl.",reference_impl,high,TYP-038; fields.csv,pending,Do not elevate above official protocol without corroboration
BKL-026,REF-003,knowledge_base/Secure-Element-Reader/src/SecureElementReader/Services/ApduCommandService.cs,10-125,reference_contract_set,secure_element,Reference APDU command set,"Reference smart-card adapter exposes SelectPKIApp SelectSEApp GetSECert GetPKICert VerifyPkiPin VerifySEPin AmountStatus GetExportInternalData SECommand and FinishAudit with concrete APDU bytes.",reference_impl,high,CTR-015; CTR-016; CTR-017; CTR-018,pending,Good source for adapter boundaries and byte-level examples
BKL-027,REF-003,knowledge_base/Secure-Element-Reader/src/SecureElementReader/Services/CardReaderService.cs,43-100,reference_status_set,smart_card,PKI and SE PIN result mapping,"Reference card reader maps PKI 0x6983 to locked PKI applet, PKI SW1 0x63 to remaining tries in SW2, and SE 0x63 0x10 to locked SE applet.",reference_impl,high,SMART_CARD_STATUS rows; RUL-099,pending,Useful for adapter UX and status translation
BKL-028,REF-003,knowledge_base/Secure-Element-Reader/src/SecureElementReader/ViewModels/VerifyPinDialogViewModel.cs,131-199,reference_rule,smart_card,Remaining tries and lock UX,"Reference UI subtracts 192 from PkiTrysLeft to display remaining attempts and distinguishes combined card-return messaging from SE-only and PKI-only locked states.",reference_impl,medium,RUL-100,pending,UX mapping evidence rather than protocol truth
BKL-029,REF-001,knowledge_base/Taxcore-MobilePOS-Android/app/src/main/java/online/taxcore/pos/ui/invoice/InvoiceFragment.kt,112-113,reference_validator,esir_host,Referent document regex,"Reference Android host validates referentDocumentNumber with regex ^[0-9a-zA-Z]{8}-[0-9a-zA-Z]{8}-[0-9]+$.",reference_impl,high,REF-001 note; examples.csv,pending,Useful as implementation evidence for the reference-number format
BKL-030,REF-001,knowledge_base/Taxcore-MobilePOS-Android/app/src/main/java/online/taxcore/pos/ui/invoice/InvoiceFragment.kt,755-785,reference_schema_drift,esir_host,Wrapper-only request fields,"Reference Android host still writes wrapper-only top-level paymentType and hash fields while also filling the canonical payment array and core invoice fields.",reference_impl,high,open_questions resolution; candidate_log,pending,Keep separate from canonical request schema
BKL-031,REF-001,knowledge_base/Taxcore-MobilePOS-Android/app/src/main/java/online/taxcore/pos/data/local/JournalManager.kt,118-163,reference_journal,esir_host,Local journal persistence shape,"Reference host persists invoice response fields such as sdcDateTime totalAmount journal QR invoiceNumber requestedBy counters verificationUrl signedBy encryptedInternalData signature taxGroupRevision plus buyer and payment context.",reference_impl,medium,journal_audit notes,pending,Important for later local-journal design
BKL-032,REF-001,knowledge_base/Taxcore-MobilePOS-Android/app/src/main/java/online/taxcore/pos/data/PrefService.kt,162-191,reference_env,esir_host,Environment persistence shape,"Reference host persists country logo taxCoreApi environment names uid and endpoint-derived data from environment-parameters and status responses.",reference_impl,medium,EnvironmentParametersResponse,pending,Useful for host/application configuration planning
BKL-033,SRC-005,/tmp/open_esir_corpus_extracts/Tehnickouputstvo-ESIRiliL-PFR.txt,516-518,rule,approval,Receipt-appearance reapproval,"Every new product version that affects the appearance of the fiscal receipt requires a new approval.",official_technical,high,RUL-004,pending,Important approval-control rule from the technical instruction
BKL-034,SRC-005,/tmp/open_esir_corpus_extracts/Tehnickouputstvo-ESIRiliL-PFR.txt,1125-1132,rendering_rule,receipt_rendering,Buyer and optional buyer-field rendering,"Receipt must display buyerId when required; optional buyer field is used only in the same kind of identified-buyer transaction and is shown only when needed.",official_technical,high,RUL-090; EX-029,pending,High-value rendering and scope rule
BKL-035,SRC-005,/tmp/open_esir_corpus_extracts/Tehnickouputstvo-ESIRiliL-PFR.txt,1148-1169,rendering_rule,receipt_rendering,Referent number rendering and fallback forms,"Receipt must display referent number on Copy and Refund and on Normal Sale linked to Advance Refund; value normally uses the PFR-number format and the instruction also documents fallback placeholder forms for pre-EFU bookkeeping and old fiscal cash registers.",official_technical,high,RUL reference-number; EX examples,pending,Needs second-pass split into baseline rule and legacy-fallback examples
BKL-036,SRC-005,/tmp/open_esir_corpus_extracts/Tehnickouputstvo-ESIRiliL-PFR.txt,1198-1206,rendering_rule,receipt_rendering,Non-fiscal document warning,"Copy Proforma and Training documents must contain the message OVO NIJE FISKALNI RACUN and the text must be clearly visible with font at least double the size of the rest of the document text.",official_technical,high,RUL-007,pending,This sharpens the already seeded non-fiscal rendering rule
BKL-037,SRC-005,/tmp/open_esir_corpus_extracts/Tehnickouputstvo-ESIRiliL-PFR.txt,1220-1233,rendering_rule,receipt_rendering,QR versus hyperlink and size rule,"QR code contains the verification URL internal data and digital signature; if receipt is delivered electronically the QR code is replaced by a hyperlink URL; printed QR size must be at least 40x40 mm and at most 50x50 mm.",official_technical,high,RUL-011; TYP-032,pending,This is stronger than the looser conceptual statement
BKL-038,SRC-005,/tmp/open_esir_corpus_extracts/Tehnickouputstvo-ESIRiliL-PFR.txt,1560-1579,rule_cluster,lpfr_core,LPFR fiscalization obligations,"LPFR must validate request structure calculate tax from active tax rates round sums to 4 decimals using half-round-up send fiscalization data with current date time and PIN to the secure element receive the signed invoice create a journal file generate the verification URL return fiscalized data to ESIR and display errors as prescribed by the technical guide.",official_technical,high,LPFR core rules,pending,Second pass should split these into separate validator/algorithm/journal/transport rules
BKL-039,SRC-005,/tmp/open_esir_corpus_extracts/Tehnickouputstvo-ESIRiliL-PFR.txt,1598-1618,rule_cluster,lpfr_core,LPFR forbidden functions and PIN storage,"LPFR must not return arbitrary data on error beyond defined error codes unless documented, must reject nonexistent or inactive tax rates, must not allow protocol-parameter changes, must not store PIN anywhere except working memory, and after restart the operator must re-enter the PIN.",official_technical,high,RUL-094; RUL-015,pending,Contains several negative constraints that should become separate rules later
BKL-040,SRC-005,/tmp/open_esir_corpus_extracts/Tehnickouputstvo-ESIRiliL-PFR.txt,2019-2028,example,refund_flow,Refund cancellation example with seller TIN as buyerId,"The worked example shows buyerId 10:111111111 for the seller taxpayer and referentDocumentNumber plus referentDocumentDT for the invoice being canceled.",official_technical,high,EX refund cancellation example,pending,Useful for the refund/cancellation branch in the second pass
BKL-041,SRC-009,/tmp/open_esir_corpus_extracts/RucnoTestiranjeLPFR-a_v10.txt,860-909,manual_rule,lpfr_service,Card removal and PIN reset behavior,"Manual test requires LPFR to stop operating as soon as the smart card is removed and to require a fresh valid PIN after the card is reinserted.",official_manual_test,high,RUL-001; RUL-015,pending,Operational expectation source
BKL-042,SRC-009,/tmp/open_esir_corpus_extracts/RucnoTestiranjeLPFR-a_v10.txt,962-982,manual_endpoint_matrix,lpfr_service,No-card endpoint expectations,"Without a card inserted the manual test expects /api/v3/environment-parameters -> 1300 [400], /api/v3/status -> gsc 1300 1500 0210 [200], /api/v3/pin -> 1300 [200], /api/v3/invoices -> 1300 [400], and /api/v3/invoices/{requestId} -> 1300 [400].",official_manual_test,high,LPFR_HTTP_EXPECTATION rows,pending,Important operational matrix
BKL-043,SRC-009,/tmp/open_esir_corpus_extracts/RucnoTestiranjeLPFR-a_v10.txt,1016-1049,manual_example,lpfr_service,Manual CreateInvoice example payload,"Manual testing document includes a worked CreateInvoice payload with buyerId buyerCostCenterId reference number options omitQRCodeGen and omitTextualRepresentation and a Unicode item example.",official_manual_test,high,EX-002,pending,Useful as a source-backed request example
BKL-044,SRC-009,/tmp/open_esir_corpus_extracts/RucnoTestiranjeLPFR-a_v10.txt,1066-1091,manual_endpoint_matrix,lpfr_service,Card-inserted PIN-state endpoint expectations,"With a card inserted but no valid PIN the manual test expects /api/v3/status -> gsc 1500 0210 [200], /api/v3/invoices -> 1500, and /api/v3/pin with a wrong PIN -> 2100 [423]; after valid PIN entry /api/v3/pin -> 0100 [200] and /api/v3/status -> 0100 [200].",official_manual_test,high,LPFR_HTTP_EXPECTATION rows,pending,High-value operational matrix for ESIR-LPFR integration handling
BKL-045,SRC-001,/tmp/open_esir_corpus_extracts/Zakonofiskalizaciji.txt,14-59,type_cluster,legal_foundation,Core legal definitions,"Law defines fiscalization retail invoice advance payment secure processor fiscal invoice electronic fiscal device tax core API ESIR PFR secure element and related foundational terms used across the system.",official_law,high,TYP foundational vocabulary,pending,Keep as raw legal glossary material for second-pass domain normalization
BKL-046,SRC-001,/tmp/open_esir_corpus_extracts/Zakonofiskalizaciji.txt,66-82,rule,legal_foundation,Fiscalization subject scope,"Fiscalization applies to every retail sale of goods and services and to every received advance payment for future retail turnover.",official_law,high,RUL fiscalization scope,pending,Top-level domain boundary
BKL-047,SRC-001,/tmp/open_esir_corpus_extracts/Zakonofiskalizaciji.txt,86-107,rule,legal_foundation,Payment-method neutrality,"Every transaction that falls under fiscalization must be recorded regardless of whether payment is cash card transfer voucher instant transfer or any other payment method.",official_law,high,RUL payment neutrality,pending,Important for later reconciliation with payment enums
BKL-048,SRC-001,/tmp/open_esir_corpus_extracts/Zakonofiskalizaciji.txt,111-148,rule_cluster,receipt_content,Legally mandatory receipt elements,"Law enumerates mandatory fiscal receipt elements at the legal level including taxpayer identity location time identification and verification-related receipt content.",official_law,high,RUL legal receipt minimums,pending,Needs second-pass mapping against technical and rulebook-level receipt fields
BKL-049,SRC-001,/tmp/open_esir_corpus_extracts/Zakonofiskalizaciji.txt,151-197,rule_cluster,device_architecture,EFD composition and backup rule,"Electronic fiscal device may be composed of ESIR one or more PFR components and a secure element; when only the online processor is used a backup processor at the sales location is required, and the device must support automatic stop functionality via the secure element.",official_law,high,RUL EFD composition; adapter architecture,pending,High-value architecture source for ESIR LPFR V-PFR modeling
BKL-050,SRC-001,/tmp/open_esir_corpus_extracts/Zakonofiskalizaciji.txt,199-215,rule,online_offline,Realtime delivery with offline catch-up,"Receipt data is delivered to the Tax Administration in real time when connectivity exists and otherwise must be delivered later, with the legal offline catch-up maximum defined as five days.",official_law,high,RUL offline delivery window,pending,Foundational offline rule for journal and resend logic
BKL-051,SRC-003,/tmp/open_esir_corpus_extracts/Pravilnikovrstamafiskalnihraunatipovimatransakcija.txt,19-61,enum_cluster,receipt_domain,Receipt kinds and non-fiscal document variants,"Rulebook distinguishes invoices for retail turnover and advance payments and also non-fiscal documents such as copy training slip and proforma, with visual distinction legends and formatting obligations.",official_rulebook,high,InvoiceType family; non-fiscal rendering rules,pending,Key source for invoice/document taxonomy
BKL-052,SRC-003,/tmp/open_esir_corpus_extracts/Pravilnikovrstamafiskalnihraunatipovimatransakcija.txt,63-83,rule,receipt_domain,Corporate-card and refund nuance,"Special rulebook section covers corporate card usage and the possibility of refund scenarios tied to that buyer-identification context.",official_rulebook,high,RUL corporate card; buyerId context,pending,Bridge between payment mode and buyer identification
BKL-053,SRC-003,/tmp/open_esir_corpus_extracts/Pravilnikovrstamafiskalnihraunatipovimatransakcija.txt,85-100,enum,receipt_domain,Transaction types,"Rulebook defines transaction-type families for sale and refund or cancellation behavior.",official_rulebook,high,TransactionType,pending,Second pass should normalize exact labels and refund/cancel semantics
BKL-054,SRC-003,/tmp/open_esir_corpus_extracts/Pravilnikovrstamafiskalnihraunatipovimatransakcija.txt,102-108,rule,receipt_items,Optional GTIN,"GTIN on invoice items is optional according to the rulebook.",official_rulebook,high,RUL GTIN optional,pending,Simple but important item-field rule
BKL-055,SRC-003,/tmp/open_esir_corpus_extracts/Pravilnikovrstamafiskalnihraunatipovimatransakcija.txt,109-115,rule,tax_domain,Tax rates sourced from SUF,"Applied tax rates and tax-category data must follow the values obtained from the Tax Administration system rather than arbitrary local definitions.",official_rulebook,high,RUL tax rates from SUF,pending,Useful to separate domain data from local POS configuration
BKL-056,SRC-003,/tmp/open_esir_corpus_extracts/Pravilnikovrstamafiskalnihraunatipovimatransakcija.txt,117-156,enum_cluster,payment_domain,Payment methods and mixed-payment rules,"Rulebook enumerates payment methods and adds context-specific restrictions for certain on-site food or bakery flows plus allocation rules for mixed payments.",official_rulebook,high,PaymentType family; mixed payment rules,pending,Needs exact second-pass extraction of labels and constraints
BKL-057,SRC-003,/tmp/open_esir_corpus_extracts/Pravilnikovrstamafiskalnihraunatipovimatransakcija.txt,158-162,validator,receipt_content,Invoice datetime format,"Receipt date and time format is prescribed as dd.mm.yyyy HH:mm:ss.",official_rulebook,high,DateTime format rule,pending,Concrete formatting validator
BKL-058,SRC-003,/tmp/open_esir_corpus_extracts/Pravilnikovrstamafiskalnihraunatipovimatransakcija.txt,163-183,rule_cluster,numbering,Invoice counters and uniqueness,"Rulebook prescribes counters and uniqueness behavior for invoice numbering at the fiscal receipt level.",official_rulebook,high,InvoiceNumber rules,pending,Should reconcile with status lastInvoiceNumber semantics later
BKL-059,SRC-003,/tmp/open_esir_corpus_extracts/Pravilnikovrstamafiskalnihraunatipovimatransakcija.txt,185-200,rule,receipt_rendering,QR code or hyperlink sizing,"Rulebook prescribes a QR code or verification hyperlink on the receipt together with a minimum size requirement around 40x40 mm and related presentation constraints.",official_rulebook,high,RUL verification presentation,pending,Needs reconciliation with technical-guide rendering requirements
BKL-060,SRC-003,/tmp/open_esir_corpus_extracts/Pravilnikovrstamafiskalnihraunatipovimatransakcija.txt,202-220,rule_cluster,reference_flow,Referent document number use cases,"Rulebook defines when referent document number and related reference data are used across refund cancellation and linked-document scenarios.",official_rulebook,high,ReferentDocument rules,pending,High-value for refund and copy flows
BKL-061,SRC-002,/tmp/open_esir_corpus_extracts/Pravilnik_bezbednosni_element.txt,8-28,rule_cluster,secure_element,Secure element purpose and mandatory use,"Security element is issued by the Tax Administration for taxpayer authentication invoice signing data-integrity protection and receipt verification; a receipt issued without using the security element cannot be treated as a fiscal receipt.",official_rulebook,high,RUL BE mandatory; secure-element domain,pending,Foundational BE obligation
BKL-062,SRC-002,/tmp/open_esir_corpus_extracts/Pravilnik_bezbednosni_element.txt,30-42,type_cluster,secure_element,Secure element counters,"Security element maintains counters after each transaction for unique invoice numbering by invoice kind and transaction type and for turnover and tax totals by tax rates and overall amounts.",official_rulebook,high,TYP secure-element counters,pending,Important for audit and amount-status modeling
BKL-063,SRC-002,/tmp/open_esir_corpus_extracts/Pravilnik_bezbednosni_element.txt,44-49,enum,secure_element,Supported security element forms,"Security element may exist as smart card smart SD card USB token or protected file such as PFX.",official_rulebook,high,SecurityElementForm enum,pending,Useful for adapter and deployment taxonomy
BKL-064,SRC-002,/tmp/open_esir_corpus_extracts/Pravilnik_bezbednosni_element.txt,51-55,rule,secure_element,Certificate signs invoices and reproduces protected password,"Electronic certificate inside the security element reproduces the taxpayer digital signature for every fiscal invoice and reproduces the protected taxpayer password when connecting to the Tax Administration fiscalization system.",official_rulebook,high,PAC/PFX linkage; secure auth,pending,Bridge between certificate usage and SUF connectivity
BKL-065,SRC-002,/tmp/open_esir_corpus_extracts/Pravilnik_bezbednosni_element.txt,57-77,rule_cluster,secure_element,Security element issuance procedure,"Security element is issued on taxpayer application containing technical specification pickup method and quantity; the Tax Administration generates it within seven days and keeps issuance records.",official_rulebook,high,RUL BE issuance workflow,pending,Operational but important for provisioning assumptions
BKL-066,SRC-002,/tmp/open_esir_corpus_extracts/Pravilnik_bezbednosni_element.txt,79-90,rule_cluster,secure_element,Certificate validity renewal and deactivation,"Security element certificate validity is time-limited from at least one year to at most four years, renewal can be requested within thirty days before expiry, and theft damage or destruction must be reported within three days for deactivation.",official_rulebook,high,RUL certificate lifetime; deactivation,pending,Important lifecycle rule set
BKL-067,SRC-004,/tmp/open_esir_corpus_extracts/Tehnickivodic.txt,44-101,type_cluster,architecture,Technical guide core definitions,"Technical guide restates and operationalizes the core concepts of EFU SUF PFR ESIR secure element electronic signature supplier business location and payment.",official_technical,medium,TYP foundational vocabulary; legal glossary,pending,Lower authority than law but useful because it frames implementation responsibilities
BKL-068,SRC-004,/tmp/open_esir_corpus_extracts/Tehnickivodic.txt,104-155,rule_cluster,architecture,EFD composition readiness and allowed topologies,"EFU consists of one PFR one or more ESIR instances and a security element; it is considered ready only when approved components are successfully connected to SUF, and the guide lists multiple allowed local and virtual deployment topologies including ERP and web-shop scenarios.",official_technical,high,RUL EFD composition; deployment patterns,pending,Strong architecture source for modular ESIR LPFR VPFR design
BKL-069,SRC-004,/tmp/open_esir_corpus_extracts/Tehnickivodic.txt,276-325,rule_cluster,secure_element,Technical-guide security element behavior,"Guide states that the security element is personalized per taxpayer and location, signs receipts, reproduces protected credentials, is independent from ESIR and LPFR suppliers, can be issued for testing but not production use, can be deactivated from SUF, auto-locks when configured limits are exceeded until SUF unlocks it, and communicates with PFR through a defined protocol.",official_technical,high,RUL BE mandatory; AmountStatus/Audit flow,pending,High-signal operational complement to the rulebook
BKL-070,SRC-004,/tmp/open_esir_corpus_extracts/Tehnickivodic.txt,330-352,rule_cluster,pfr_core,PFR core responsibilities,"PFR receives transaction data from ESIR analyzes and fiscalizes it calculates tax maintains time and calendar communicates with the security element stores transaction data and transfers fiscal data to SUF; it cannot operate without a security element.",official_technical,high,PFR responsibility set,pending,Good functional decomposition source
BKL-071,SRC-004,/tmp/open_esir_corpus_extracts/Tehnickivodic.txt,354-379,rule_cluster,vpfr,V-PFR requirements,"Virtual PFR is a Tax Administration internet service authenticated with locally installed digital certificates, requires internet connectivity, exposes a unique public address, may fail over between active instances, embeds the security element, and returns time date and tax totals to ESIR.",official_technical,high,V-PFR contract context,pending,Important when we later derive generic PFR contracts
BKL-072,SRC-004,/tmp/open_esir_corpus_extracts/Tehnickivodic.txt,380-441,rule_cluster,lpfr,L-PFR requirements and reading modes,"Local PFR may be hardware or software integrated or independent from ESIR, communicates with ESIR SUF and the security element using ISO/IEC 7816-4, stores encrypted unsent data, supports both internet and local reading, processes SUF commands sequentially, must work offline for fiscalization, must expose an external interface for tax-officer download, and must show current state to the operator.",official_technical,high,LPFR duty set; audit/journal flow,pending,Very strong source for LPFR adapter surface and operational rules
BKL-073,SRC-004,/tmp/open_esir_corpus_extracts/Tehnickivodic.txt,443-463,contract_cluster,esir_transport,ESIR output and transport behavior,"ESIR may issue electronic or printed receipts, receives fiscal data including QR or verification hyperlink from PFR, communicates with LPFR over HTTP and with VPFR over HTTPS.",official_technical,high,ESIR transport rules,pending,Direct transport-layer design input
BKL-074,SRC-004,/tmp/open_esir_corpus_extracts/Tehnickivodic.txt,470-495,contract_cluster,receipt_flow,Two-phase receipt creation contract,"Receipt creation is explicitly a two-phase flow: ESIR sends a request with invoice kind transaction type payment item and buyer-taxpayer data, and PFR returns a response containing taxpayer identity signed timestamp sequential number digital signature and shareable security-element data.",official_technical,high,CTR-001; TYP invoice request/response,pending,Good source for abstract contract narrative beyond raw API spec
BKL-075,SRC-004,/tmp/open_esir_corpus_extracts/Tehnickivodic.txt,521-555,rule_cluster,verification,Immediate verifiability and readout artifacts,"Guide shows fiscalization exchange steps such as QR generation encryption key generation and readout storage, and states every issued fiscal receipt must be verifiable via SUF immediately after issuance regardless of whether PFR has already delivered it to SUF.",official_technical,high,RUL immediate verification; journal artifacts,pending,High-value rule for offline and public verification expectations
BKL-076,SRC-004,/tmp/open_esir_corpus_extracts/Tehnickivodic.txt,643-677,type_cluster,receipt_content,Mandatory fiscal receipt content list,"Technical guide lists mandatory receipt content including invoice and transaction kinds taxpayer identity buyer PIB when applicable item lines tax specifications totals payment and refund amounts timestamp serial numbers QR or hyperlink and referent document number when needed.",official_technical,high,Receipt field inventory,pending,Strong raw field cluster source
BKL-077,SRC-004,/tmp/open_esir_corpus_extracts/Tehnickivodic.txt,680-765,enum_cluster,receipt_domain,Receipt kinds transaction types and payment methods,"Guide defines invoice kinds turnover and advance plus non-fiscal documents copy training and proforma, transaction types sale and refund or cancellation, named payment methods, and mixed-payment disclosure requirements.",official_technical,high,InvoiceType; TransactionType; PaymentType,pending,Useful triangulation source alongside the rulebook
BKL-078,SRC-004,/tmp/open_esir_corpus_extracts/Tehnickivodic.txt,716-725,rule,receipt_rendering,Non-fiscal legends and double-font rule,"Copy training and proforma documents must visibly contain the legends KOPIJA OBUKA PREDRACUN and OVO NIJE FISKALNI RACUN in text that cannot be changed or removed and is at least double the size of other text.",official_technical,high,RUL non-fiscal rendering,pending,Reinforces rendering obligations from the rulebook
BKL-079,SRC-004,/tmp/open_esir_corpus_extracts/Tehnickivodic.txt,806-879,rule_cluster,receipt_rendering,Separate counters QR verification referent docs and advertisement font,"Guide requires separate per-kind and per-transaction counters, prescribes QR constraints and verification modes, defines referent document use cases for refund advance copy and proforma-related flows, and limits advertisements to a different smaller font.",official_technical,high,Invoice numbering; QR rules; ReferentDocument; advertising text rule,pending,Dense rendering and linking rule set
BKL-080,SRC-004,/tmp/open_esir_corpus_extracts/Tehnickivodic.txt,882-981,rule_cluster,approval,Approval workflow and finding taxonomy,"Guide defines supplier approval workflow for ESIR and LPFR, mandatory resubmission on changes, published approved versions, revocation on non-compliance, access to automated LPFR tests and test security elements, and the finding categories non-compliance defect suspicion observation and improvement.",official_technical,high,Approval workflow; test taxonomy,pending,Important for later separation of stable domain vs approval-sensitive behavior
BKL-081,SRC-010,/tmp/open_esir_corpus_extracts/RunotestiranjeESIRa.txt,82-149,rule_cluster,approval,Required ESIR documentation set,"Manual ESIR testing requires product brochure user manual installation instructions and configuration guidance covering supplier information versioning security warnings setup of tax parameters connection to LPFR or VPFR and security-element insertion.",official_manual_test,high,Approval documentation checklist,pending,Approval-facing but valuable for later implementation-facing docs
BKL-082,SRC-010,/tmp/open_esir_corpus_extracts/RunotestiranjeESIRa.txt,171-197,manual_rule,esir_runtime,ESIR cannot issue without PFR mandatory data,"Manual test requires ESIR to refuse issuing receipts when disconnected from LPFR or VPFR or when the security element or certificate is unavailable and to notify the user that the receipt cannot be issued.",official_manual_test,high,RUL ESIR requires PFR connection,pending,Strong behavioral guardrail
BKL-083,SRC-010,/tmp/open_esir_corpus_extracts/RunotestiranjeESIRa.txt,206-285,manual_rule_cluster,receipt_rendering,ESIR must preserve mandatory receipt data and formatting,"Manual test checks header data cashier identification buyerId optional buyer field ESIR number format referent number and referent time item list tax data payment type PFR time counters QR scanability line framing and the non-fiscal legend; it also states ESIR time must be absent except for certain advance-sale bank-transfer cases.",official_manual_test,high,RUL-090; Q-014; QR rules; ESIR time rule,pending,Dense source for rendering and presence validators
BKL-084,SRC-010,/tmp/open_esir_corpus_extracts/RunotestiranjeESIRa.txt,319-349,manual_rule,esir_transport,ESIR startup authentication with PFR,"On startup ESIR must authenticate with PFR using either PFX on ESIR or smart card on LPFR together with valid PIN or PAC credentials and may require manual connection establishment if auto-connect fails.",official_manual_test,high,Authentication startup flow,pending,Useful when deriving operational contracts around startup and connectivity
BKL-085,SRC-010,/tmp/open_esir_corpus_extracts/RunotestiranjeESIRa.txt,352-399,manual_rule_cluster,sale_builder,Pre-issuance item cancellation and discounts,"Manual ESIR testing includes optional pre-issuance removal of items while leaving at least one item and support for item-level discounts with the reduced final price recorded by PFR.",official_manual_test,medium,Sale editor optional features,pending,Optional product-surface features but still part of observed expectations
BKL-086,SRC-010,/tmp/open_esir_corpus_extracts/RunotestiranjeESIRa.txt,403-447,manual_rule_cluster,payment_domain,All payment methods and repeated mixed payments,"ESIR must support every payment method from the technical guide and may repeat the same payment method more than once on a single mixed-payment receipt.",official_manual_test,high,PaymentType family; mixed-payment rule,pending,Useful for second-pass payment validator inventory
BKL-087,SRC-010,/tmp/open_esir_corpus_extracts/RunotestiranjeESIRa.txt,451-529,manual_rule_cluster,reference_flow,GTIN and referent-number input obligations,"ESIR must allow GTIN entry and make it visible in the administration portal, must require referent number for refund and copy receipts, and must allow referent number on turnover sale when closing an advance-refund flow.",official_manual_test,high,GTIN; ReferentDocument rules,pending,Bridges UI behavior with fiscal reference flows
BKL-088,SRC-010,/tmp/open_esir_corpus_extracts/RunotestiranjeESIRa.txt,538-668,manual_rule_cluster,esir_journal_and_catalog,Journal search item catalog and quantity behavior,"Manual test expects an electronic journal with search, ability to add new items, change prices, choose quantities with three decimals, and add items either by name or by GTIN barcode input.",official_manual_test,high,Electronic journal; item-entry behavior,pending,Operational ESIR capability cluster
BKL-089,SRC-010,/tmp/open_esir_corpus_extracts/RunotestiranjeESIRa.txt,672-706,validator,pricing,Price rounding method,"ESIR must round item prices and totals to at least two decimals using standard threshold rounding where third decimal below five rounds down and five or above rounds up, with explicit numeric examples for quantities and totals.",official_manual_test,high,Rounding validator,pending,Concrete numeric validator source
BKL-090,SRC-010,/tmp/open_esir_corpus_extracts/RunotestiranjeESIRa.txt,715-822,manual_rule_cluster,tax_domain,Tax-rate handling and invalid-rate rejection,"Manual test requires ESIR to print or display current tax labels and rates, show active taxes on command rounded to two decimals, rely only on tax rates exposed by PFR or SUF, and reject issuance when a non-existent tax rate is entered.",official_manual_test,high,RUL tax rates from PFR; validation error expectations,pending,Very strong validator source
BKL-091,SRC-010,/tmp/open_esir_corpus_extracts/RunotestiranjeESIRa.txt,833-861,manual_rule,electronic_delivery,Electronic delivery for all supported receipt types,"Where printing is not possible such as online sales, ESIR must support electronic delivery for every receipt type it supports over a valid channel such as email SMS or compatible messaging app while preserving all mandatory receipt data.",official_manual_test,high,ElectronicDeliveryAdapter expectations,pending,Directly relevant for later output-adapter design
BKL-092,SRC-010,/tmp/open_esir_corpus_extracts/RunotestiranjeESIRa.txt,865-910,manual_rule_cluster,approval,Required sample-receipt set and referent-time fallback note,"Manual review of receipt examples requires multi-item multi-tax decimal-price change-making and both LPFR and VPFR scenarios; it also notes that refund flows without referent time may fall back to current PFR date-time and active tax rates which can matter when historical tax rates changed.",official_manual_test,high,Sample receipt matrix; referent-time nuance,pending,Important approval and validator nuance
BKL-093,SRC-010,/tmp/open_esir_corpus_extracts/RunotestiranjeESIRa.txt,1005-1008,manual_rule,advance_flow,ESIR time mandatory only for aged bank-transfer advance sale,"ESIR time is mandatory only when the buyer paid by bank transfer and the seller received that payment recorded on a later day than the eventual advance-sale receipt issuance.",official_manual_test,high,ESIR time conditional rule,pending,Narrow but critical conditional field rule
BKL-094,SRC-010,/tmp/open_esir_corpus_extracts/RunotestiranjeESIRa.txt,1070-1116,manual_rule_cluster,approval_and_validation,Common ESIR mistakes and mandatory supplier sample set,"Common failures include misplaced optional buyer field missing buyerId missing non-fiscal legend wrong ESIR number wrong refund-copy reference missing buyer-signature line on copy refund and unreadable QR; supplier submission must include sample receipts for LPFR or VPFR all payment methods multiple tax labels GTIN optional buyer field and rounding scenarios.",official_manual_test,high,Open questions and approval sample coverage,pending,High-value consolidation source for validator backlog
BKL-095,SRC-008,/tmp/open_esir_corpus_extracts/Overview.txt,9-42,rule_cluster,architecture,Governing system principles,"Overview defines high-level principles for the fiscalization system including full taxpayer scope phased rollout PKI under tax-authority control online and offline issuing instant public verifiability adaptation of existing invoicing systems separation into invoicing system processor and secure element and open vendor competition.",official_spec_background,medium,Architecture principles,pending,Background source but useful for intent behind modular architecture
BKL-096,SRC-008,/tmp/open_esir_corpus_extracts/Overview.txt,87-118,rule_cluster,verification,Anti-sales-suppression and verification principles,"Document-level design principles require sufficient transactional data on payment documents electronic-signature safeguarding by an associated secure element independence of the secure element from the invoicing-system vendor immediate integrity verification unified secure-element inspection methods human-readable journal records and always-available verification services for both inspectors and the public.",official_spec_background,high,Journal and verification principles,pending,Strong conceptual source for why journal and verification stay first-class in the design
BKL-097,SRC-008,/tmp/open_esir_corpus_extracts/Overview.txt,128-133,rule,b2b_identity,Electronic signature protects purchaser identity in B2B,"In business-to-business transactions an electronic signature must safeguard the purchasing party unique identity from modifications.",official_spec_background,medium,Buyer identity integrity,pending,Background principle that supports buyer-identification handling
BKL-098,SRC-011,/tmp/open_esir_corpus_extracts/ifarnikjedinstvenogIDkupca_ver_116_18122023.txt,15-32,type_cluster,buyer_identification,Buyer identification fields and textual rendering examples,"Codebook defines buyerId as the buyer identification field and buyerCostCenterId as the optional buyer field and shows concrete request plus textual-receipt examples for values such as 10:Pib 12:Pib:Jbkjs and 30:DocumentNumber.",official_codebook,high,Field inventory; receipt rendering examples,pending,Good raw source for both schema and textual output
BKL-099,SRC-011,/tmp/open_esir_corpus_extracts/ifarnikjedinstvenogIDkupca_ver_116_18122023.txt,37-98,enum_cluster,buyer_identification,BuyerId code family,"Codebook enumerates buyerId prefixes 10 11 12 13 14 15 16 20 21 22 23 30 31 32 33 34 35 36 and 40 together with their semantic meaning such as domestic PIB JMBG JBKJS pension card refugee ID passport foreign IDs and foreign TIN.",official_codebook,high,BuyerId enum family,pending,Primary source for buyerId semantics
BKL-100,SRC-011,/tmp/open_esir_corpus_extracts/ifarnikjedinstvenogIDkupca_ver_116_18122023.txt,100-117,enum_cluster,buyer_identification,BuyerCostCenterId code family,"Codebook enumerates optional buyer field prefixes 20 21 30 31 32 33 50 and 60 with meanings such as VAT-form document numbers corporation-card number and refund period for corporate-card reversals.",official_codebook,high,BuyerCostCenterId enum family,pending,Primary source for optional buyer-field semantics
BKL-101,SRC-011,/tmp/open_esir_corpus_extracts/ifarnikjedinstvenogIDkupca_ver_116_18122023.txt,111-115,validator,buyer_identification,Code 60 explicit format,"Optional buyer field code 60 is explicitly formatted as 60:ddmmgggg_ddmmgggg and applies to turnover refund receipts used to reverse previously recorded corporate-card turnover for a calendar month.",official_codebook,high,Format validator for code 60,pending,This is the strongest explicit regex-like format in the codebook
BKL-102,SRC-012,/tmp/open_esir_corpus_extracts/Обавезе_обвезника_фискализације.txt,67-170,guidance_rule_cluster,legal_scope,Taxpayer obligation scope and QR baseline,"Guidance states that eFiscalization means issuing a fiscal receipt with a QR code at the moment of retail turnover or received advance, repeats the retail-scope boundary, and emphasizes that every covered transaction must be recorded regardless of payment method.",official_guidance,medium,Legal scope; QR baseline,pending,Mostly lower-authority restatement but useful as taxpayer-facing wording
BKL-103,SRC-012,/tmp/open_esir_corpus_extracts/Обавезе_обвезника_фискализације.txt,191-264,type_cluster,receipt_content,Guidance receipt content and issuance modes,"Taxpayer obligations guide repeats mandatory receipt content, states printed receipts carry QR while internet-only sales use verification hyperlink in electronic form, permits self-service electronic issue with hyperlink, and requires Serbian language on receipts regardless of issuance mode.",official_guidance,high,Receipt field inventory; rendering rules,pending,Contains a language requirement not yet prominent elsewhere in the backlog
BKL-104,SRC-012,/tmp/open_esir_corpus_extracts/Обавезе_обвезника_фискализације.txt,286-441,rule_cluster,pgjo,PGJO registration model and change deadlines,"Guide details PGJO registration before using the fiscal device, lists business-space types fixed mobile distance-trade and automat, enumerates PGJO data fields including geolocation and area, and sets change-reporting deadlines of 24 hours before planned change or 24 hours after learning about force-majeure changes.",official_guidance,high,PGJO domain model; operational deadlines,pending,Strong operational source for business-location administration
BKL-105,SRC-012,/tmp/open_esir_corpus_extracts/Обавезе_обвезника_фискализације.txt,444-504,rule_cluster,pgjo,Vacation suspension and permanent deregistration flow,"Guide gives the two-step PGJO process for temporary closure during vacation using fields 2.12 and 2.13 and explains permanent deregistration plus the follow-up EP IPP filing when retail activity stops in a space but business activity continues there.",official_guidance,high,PGJO temporary suspension,pending,Useful for administrative adapter surfaces and operator workflows
BKL-106,SRC-012,/tmp/open_esir_corpus_extracts/Обавезе_обвезника_фискализације.txt,511-646,rule_cluster,secure_element,Security element issuance usage return and revocation reasons,"Guide explains BE purposes, mandatory use, forms currently issued by the Tax Authority, ESF prerequisite after PGJO, issued-data fields, seven-day issuance, expiry and renewal timing, three-day theft-or-damage reporting, and return or revocation reasons including forgotten PIN blocked certificate business closure and wrong card format.",official_guidance,high,BE lifecycle; revocation reasons,pending,Good taxpayer-facing operational complement to the normative rulebook
BKL-107,SRC-012,/tmp/open_esir_corpus_extracts/Обавезе_обвезника_фискализације.txt,654-747,rule_cluster,advance_flow,Advance-payment operational flow and mandatory fields,"Guide says advance receipts use invoice kind advance sale or advance refund, every subsequent advance sale references the previous one, final turnover sale is preceded by advance refund, advance refund is not issued to the buyer, the advertisement area becomes mandatory for certain advance-closing flows, ESIR time stores the original payment date for aged bank-transfer advances, and a named advance-item table 10-13 is provided for advance recording.",official_guidance,high,Advance flow rules; ESIR time; item naming,pending,Very dense source of practical advance rules
BKL-108,SRC-012,/tmp/open_esir_corpus_extracts/Обавезе_обвезника_фискализације.txt,749-764,rule,free_of_charge,Free-of-charge turnover encoding,"Turnover without consideration that is legally treated like turnover for consideration is separately recorded by prefixing item name with 00: and using payment type other noncash payment; small-value samples and advertising material that are not considered turnover are excluded.",official_guidance,high,Free-of-charge turnover rule,pending,Practical encoding rule likely to become a validator
BKL-109,SRC-012,/tmp/open_esir_corpus_extracts/Обавезе_обвезника_фискализације.txt,773-801,rule_cluster,reference_flow,Referent-number guidance cases,"Guide repeats referent-number obligations for refund receipts turnover after advances copy receipts and preinvoice-linked turnover or advance receipts, explicitly naming the PFR number as the reference target.",official_guidance,high,ReferentDocument rules,pending,Useful triangulation source with taxpayer-facing terminology
BKL-110,SRC-012,/tmp/open_esir_corpus_extracts/Обавезе_обвезника_фискализације.txt,808-851,rule_cluster,refund_flow,Error-correction and buyerId timing rules,"For erroneous sale or advance-sale receipts the seller cancels by issuing refund with the seller own PIB in buyer identification plus the wrong-receipt reference and full copied item set; if buyer identification was omitted it may only be corrected by immediate cancellation and reissue, otherwise a later reissued buyer-identified receipt is invalid.",official_guidance,high,Refund correction flow; buyerId timing,pending,High-value operational rule set
BKL-111,SRC-012,/tmp/open_esir_corpus_extracts/Обавезе_обвезника_фискализације.txt,857-888,rule_cluster,voucher_flow,Single-purpose voucher treatment,"Sale of a single-purpose voucher is recorded as a turnover sale with a voucher item per VAT rate, only one voucher rate may appear on one receipt, voucher redemption does not generate a fiscal receipt, and refund of the voucher value is recorded back through the voucher item with the gross amount returned.",official_guidance,high,Voucher rules,pending,Practical domain rule set
BKL-112,SRC-012,/tmp/open_esir_corpus_extracts/Обавезе_обвезника_фискализације.txt,894-965,rule_cluster,readout_and_storage,Data delivery readout and proof-of-readout,"Guide requires every receipt to be fiscalized through PFR and BE, sent in real time or within five days after connectivity resumes, stored in internal memory until delivery, optionally supplied by buyer verification or by tax-office readout on BE return, and kept only until ESF validates transmission and generates proof of readout.",official_guidance,high,Offline delivery window; proof of audit/readout,pending,Important operational cluster for journal and resend logic
BKL-113,SRC-012,/tmp/open_esir_corpus_extracts/Обавезе_обвезника_фискализације.txt,977-1033,guidance_rule_cluster,operational_guidance,Additional taxpayer-facing operational notes,"Guide notes there is no obligation for daily or periodic printed reports in the new model, on-site cash refund requires buyer identification from an allowed document but not JMBG, card or other noncash refund needs only the customer receipt number, diplomatic and international-organization sales use PIB or diplomatic ID plus form numbers, and even a business that normally does not retail must fiscalize sale of a fixed asset to a natural person.",official_guidance,high,No daily reports; noncash refund; diplomatic sales,pending,Contains several practical guidance nuances that often surface in implementation questions
BKL-114,SRC-014,knowledge_base/Пореска управа __ Одговори на најчешћa питања.html,11019-11052,guidance_rule_cluster,pfr_topology,FAQ PFR topology and offline baseline,"FAQ states PFR may be local or virtual, a taxpayer using only the virtual processor in the tax network must still secure at least one local processor per physical sales location, and offline receipt issuing is possible except for pure online-sale scenarios because LPFR stores and signs transactions until connectivity returns.",official_guidance,high,V-PFR and L-PFR operational rule,pending,Practical restatement of the architecture requirement
BKL-115,SRC-014,knowledge_base/Пореска управа __ Одговори на најчешћa питања.html,11071-11132,guidance_rule_cluster,secure_element,FAQ security-element acquisition expiry and ESF revocation flow,"FAQ explains BE acquisition through ePorezi and ESF, file delivery to the tax mailbox, certificate lifetime one to four years, three-day damage or loss notice, and ESF revocation flow identified by JID with user-visible statuses and reasons such as forgotten PIN or PAK blocked certificate lost card suspected PFX compromise and business closure.",official_guidance,high,BE lifecycle; JID revocation flow,pending,Adds user-journey detail not present in the normative texts
BKL-116,SRC-014,knowledge_base/Пореска управа __ Одговори на најчешћa питања.html,11184-11205,guidance_rule_cluster,payment_and_verification,FAQ mixed-payment and verification-retention rule,"FAQ repeats the seven payment labels, confirms mixed-payment receipts must show multiple payment methods with split amounts, and states public verification remains available for ten years after receipt issuance and can be repeated multiple times with internet-connected QR or hyperlink access.",official_guidance,high,PaymentType family; verification retention,pending,Ten-year verification horizon is useful to preserve
BKL-117,SRC-014,knowledge_base/Пореска управа __ Одговори на најчешћa питања.html,11206-11307,guidance_rule_cluster,receipt_and_delivery,FAQ installments advance references online-only electronic issue and print default,"FAQ says a fiscal receipt and the tax obligation cannot be split into installments, advance-linked turnover references advance receipts, receipts may be issued offline with at least one LPFR per sales point, online-only retail issues electronic receipts with hyperlink, and fixed-store retail prints by default while electronic delivery is allowed with buyer consent.",official_guidance,high,Advance rules; output rules,pending,Combines several practical delivery and advance clarifications
BKL-118,SRC-014,knowledge_base/Пореска управа __ Одговори на најчешћa питања.html,11267-11343,guidance_rule_cluster,buyer_and_tax,FAQ diplomatic sales tax labels BPG and other-noncash mapping,"FAQ clarifies diplomatic and international-organization sales use PIB or diplomatic ID plus SNPDV or LNPDV forms and may be issued with 0 tax where VAT exemption applies, every item must carry a tax label, BPG cases should use buyerId code 11 JMBG of the owner, and compensation-style settlement may be represented as other noncash payment.",official_guidance,high,BuyerId guidance; tax-label rules,pending,Contains multiple buyer and tax clarifications from practice
BKL-119,SRC-014,knowledge_base/Пореска управа __ Одговори на најчешћa питања.html,11344-11378,guidance_rule_cluster,advance_and_refund,FAQ aged bank-transfer advance and refund proof flow,"FAQ confirms aged bank-transfer advances require ESIR time, refunds are recorded through turnover refund with buyer identification and a reference to the original sale, copy refund is issued immediately afterward and retained by the cashier as proof, and referent number stays optional outside copy refund and advance-linked cases.",official_guidance,high,Advance ESIR time; refund proof flow,pending,Useful practical complement to manual-test expectations
BKL-120,SRC-014,knowledge_base/Пореска управа __ Одговори на најчешћa питања.html,11379-11400,guidance_rule_cluster,tax_domain,FAQ non-VAT taxpayer tax label and hospitality advance proportioning,"FAQ states a non-VAT taxpayer marks goods and services exclusively with tax label A and gives a hospitality example where the advance receipt references the preinvoice and contains the remaining 70 percent of the preinvoice lines because 30 percent was already paid as advance.",official_guidance,high,Tax label A; advance example,pending,Example-backed tax and advance guidance
BKL-121,SRC-014,knowledge_base/Пореска управа __ Одговори на најчешћa питања.html,11401-11411,guidance_rule,buyer_identification,FAQ diplomatic and foreign-customer identification nuance,"FAQ says diplomatic and foreign-customer sales may include PIB or diplomatic-ID-and-form data on turnover sale receipts, while also asserting that buyer identification is used only in refund scenarios.",official_guidance,medium,Q-014; buyerId guidance tension,pending,Keep as a raw conflict candidate for second-pass reconciliation
BKL-122,SRC-014,knowledge_base/Пореска управа __ Одговори на најчешћa питања.html,11412-11464,guidance_rule_cluster,reference_flow,FAQ erroneous-receipt correction and pre-2022 reference formats,"FAQ repeats seller-PIB cancellation flow for wrong receipts and adds reference-format examples for linking new advance receipts to pre-EFU accounting numbers or legacy fiscal-cash-register identifiers such as IBFM and receipt number.",official_guidance,high,Refund correction; legacy reference formats,pending,High-signal compatibility guidance
BKL-123,SRC-014,knowledge_base/Пореска управа __ Одговори на најчешћa питања.html,11615-11636,guidance_rule_cluster,offline_and_tax,FAQ offline transmission window and tax-rate authority,"FAQ restates five-day delayed delivery after connectivity returns and says the fiscal system receives tax-rate data from SUF which defines labels rate changes and effective dates.",official_guidance,high,Offline resend rule; tax rates from SUF,pending,Strong practical confirmation source
BKL-124,SRC-014,knowledge_base/Пореска управа __ Одговори на најчешћa питања.html,11707-11740,guidance_rule_cluster,copy_and_backup,FAQ copy reprint and backup continuity options,"FAQ says any later reprint from ERP must be issued as a copy receipt, allows a reserve fiscal device if the same security element is moved into it, and again presents VPFR as a continuity option in stores that still must have at least one LPFR per sales point.",official_guidance,high,CopyInvoice rule; backup operation,pending,Very practical operational guidance
BKL-125,SRC-014,knowledge_base/Пореска управа __ Одговори на најчешћa питања.html,11753-11759,guidance_rule,no_daily_reports,FAQ no daily or periodic report return to ESIR,"FAQ states PFR does not return day or period reports for bookkeeping because turnover data is searched through ESF instead.",official_guidance,high,No daily reports,pending,Good concise operational answer
BKL-126,SRC-014,knowledge_base/Пореска управа __ Одговори на најчешћa питања.html,11789-11801,guidance_rule,refakcija_vat,FAQ refakcija operator number not mandatory,"FAQ states that for foreign-customer VAT refund the technical-guide part requiring passport or ID plus ZPPPDV or refund-operator number is not mandatory and the guide will be aligned to this answer.",official_guidance,high,Q-014; optional buyer field guidance,pending,Important lower-authority but explicit guidance override candidate
BKL-127,SRC-014,knowledge_base/Пореска управа __ Одговори на најчешћa питања.html,11802-11931,guidance_rule_cluster,pgjo_and_fairs,FAQ vacation and fair-sale PGJO flows,"FAQ details vacation temporary shutdown through PGJO option 3 with fields 2.12 and 2.13, requires fair sales to use a registered mobile business space with its own security element, explains repeated temporary interruption filings around fair dates, and allows fair-location text to be added through the receipt advertising field.",official_guidance,high,PGJO temporary shutdown; fair-sale operations,pending,Practical mobility and temporary-space guidance
BKL-128,REF-005,knowledge_base/Dti.TaxCore.Examples.SESignInvoiceV3.0/README.md,1-14,reference_example,secure_element,SE Sign Invoice sample purpose and prerequisites,"Both legacy and v3 SESignInvoice samples are minimal demonstration apps for generating and sending APDU commands to the TaxCore Secure Element and require an operational smart-card reader plus an initialized smart card with the Secure Element applet, with guidance to configure PIN and use only one reader.",reference_impl,high,SE sample family,pending,Useful as reference-sample context rather than normative behavior
BKL-129,REF-005,knowledge_base/Dti.TaxCore.Examples.SESignInvoice/SESignInvoice/ESDCFixture.cs,16-67,reference_example,secure_element,Legacy SignInvoice payload layout,"Legacy sample constructs a 68-byte SignInvoice payload composed of 8-byte timestamp 20-byte taxpayerId 20-byte buyerId 1-byte invoiceType 1-byte transactionType 8-byte amount 1-byte category count 1-byte tax category and 8-byte tax-category amount with examples normal sale and VAT category 3.",reference_impl,high,Legacy SignInvoice payload,pending,Good raw payload-layout evidence
BKL-130,REF-005,knowledge_base/Dti.TaxCore.Examples.SESignInvoiceV3.0/SESignInvoice/ESDCFixture.cs,16-67,reference_example,secure_element,V3 SignInvoice payload layout and field-size change,"V3 sample reduces SignInvoice payload to 66 bytes by using 7-byte big-endian encoded invoice amount and tax-category amount instead of the legacy 8-byte representation while preserving the same logical field order.",reference_impl,high,V3 SignInvoice payload,pending,Important version-delta evidence for APDU adapters
BKL-131,REF-005,knowledge_base/Dti.TaxCore.Examples.SESignInvoiceV3.0/SESignInvoice/ESDCFixture.cs,71-195,reference_example,secure_element,SESignInvoice APDU command flow,"Sample loops through connected readers, selects the TaxCore applet AID A000000748464A492D546178436F7265, verifies PIN with CLA 0x88 INS 0x11 P1 0x04 P2 0x00 using digit-array PIN data, and sends SignInvoice with CLA 0x88 INS 0x13 P1 0x04 P2 0x00 over extended APDU.",reference_impl,high,APDU command samples,pending,Reference implementation evidence for low-level adapter behavior
BKL-132,SRC-006,/tmp/open_esir_corpus_extracts/Technical-Documentation.txt,2482-2593,contract,lpfr_service,GetEnvironmentParameters,"GET /api/v3/environment-parameters returns environment metadata such as organizationName serverTimeZone address endpoints environmentName logo ntpServer and supportedLanguages; response fields may grow over time.",official_spec,high,CTR-003,pending,Explicit official contract added during reconciliation seeding
BKL-133,SRC-006,/tmp/open_esir_corpus_extracts/Technical-Documentation.txt,2596-2620,contract,lpfr_service,Attention,"GET /api/v3/attention probes E-SDC availability before VerifyPin or CreateInvoice and succeeds only when the next sensitive command can be sent immediately.",official_spec,high,CTR-005,pending,Explicit official contract added during reconciliation seeding
BKL-134,SRC-006,/tmp/open_esir_corpus_extracts/Technical-Documentation.txt,3398-3470,contract,lpfr_service,CreateInvoice,"POST /api/v3/invoices is the main invoice-signing contract for V-SDC and E-SDC; it accepts JSON InvoiceRequest, optional RequestId and Accept-Language headers, and optional PAC for V-SDC.",official_spec,high,CTR-001,pending,Explicit contract row split out from the detailed Create Invoice section
BKL-135,SRC-006,/tmp/open_esir_corpus_extracts/Technical-Documentation.txt,8968-9000,contract,secure_element,SelectSEApplet,"Select SE Applet APDU routes subsequent secure-element commands to the TaxCore applet using CLA 0x00 INS 0xA4 P1P2 0x0400 and AID A000000748464A492D546178436F726500.",official_spec,high,CTR-007,pending,Explicit official APDU selection contract
BKL-136,SRC-006,/tmp/open_esir_corpus_extracts/Technical-Documentation.txt,9003-9047,contract,secure_element,GetSecureElementVersion,"Get Secure Element Version returns the SE API version as 12 bytes made of three unsigned 4-byte integers for major minor and patch, using CLA 0x88 INS 0x08.",official_spec,high,CTR-008,pending,Explicit official APDU version contract
BKL-137,SRC-006,/tmp/open_esir_corpus_extracts/Technical-Documentation.txt,9050-9123,contract,secure_element,ForwardSecureElementDirective,"Forward Secure Element Directive sends a TaxCore-provided 512-byte directive payload to the Secure Element using CLA 0x88 INS 0x40 with version-gated CRC support from SE 3.2.5 onward.",official_spec,high,CTR-009,pending,Explicit official APDU forwarding contract
BKL-138,SRC-006,/tmp/open_esir_corpus_extracts/Technical-Documentation.txt,9126-9158,contract,secure_element,ExportCertificateApdu,"Export Certificate APDU exports the taxpayer certificate from the Secure Element in DER format using CLA 0x88 INS 0x04 and is the basis for deriving UID TIN and location metadata.",official_spec,high,CTR-015,pending,Official secure-element certificate export contract
BKL-139,SRC-006,/tmp/open_esir_corpus_extracts/Technical-Documentation.txt,9161-9294,contract,secure_element,GetLastSignedInvoiceApdu,"Get Last Signed Invoice APDU returns the same response-data structure as Sign Invoice and supports optional CRC from SE 3.2.5 onward, using CLA 0x88 INS 0x15.",official_spec,high,CTR-006,pending,This is the secure-element APDU contract and must be kept separate from HTTP invoice recovery
BKL-140,SRC-006,/tmp/open_esir_corpus_extracts/Technical-Documentation.txt,9297-9328,contract,secure_element,GetPinTriesLeftFromSEApplet,"Get PIN tries left from SE Applet returns remaining secure-element PIN attempts before lockout using CLA 0x88 INS 0x16 and a one-byte response payload.",official_spec,high,,pending,New secure-element auxiliary contract discovered during reconciliation
BKL-141,SRC-006,/tmp/open_esir_corpus_extracts/Technical-Documentation.txt,9330-9372,contract,secure_element,GetCertParams,"Get CertParams returns UID plus certificate NotBefore and NotAfter in UTC Unix timestamp form using CLA 0x88 INS 0x33 and is available from SE 3.2.8 onward.",official_spec,high,CTR-010,pending,Explicit official APDU certificate-parameter contract
BKL-142,SRC-006,/tmp/open_esir_corpus_extracts/Technical-Documentation.txt,9375-9425,contract,smart_card,SelectPKIApplet,"Select PKI Applet routes subsequent PKI commands to the smart-card PKI applet using CLA 0x00 INS 0xA4 and one of two AIDs depending on whether the SE version is below 3.1.1 or at least 3.1.1.",official_spec,high,CTR-013,pending,Explicit official PKI applet selection contract
BKL-143,SRC-006,/tmp/open_esir_corpus_extracts/Technical-Documentation.txt,9481-9794,contract,secure_element,SignInvoiceApdu,"Sign Invoice APDU signs invoice payload bytes and returns fiscalization data using CLA 0x88 INS 0x13, with version-gated CRC behavior and a certificate-validity time window requirement from SE 3.2.8 onward.",official_spec,high,CTR-011,pending,Explicit official APDU fiscalization contract
BKL-144,SRC-006,/tmp/open_esir_corpus_extracts/Technical-Documentation.txt,9796-9830,contract,secure_element,AmountStatusApdu,"Amount Status returns the current SALE+REFUND amount and the secure-element limit as two 7-byte values using CLA 0x88 INS 0x14.",official_spec,high,CTR-012,pending,Explicit official APDU amount-status contract
BKL-145,SRC-006,/tmp/open_esir_corpus_extracts/Technical-Documentation.txt,9832-9862,contract,audit,ExportTaxCorePublicKeyApdu,"Export TaxCore Public Key returns a 259-byte public-key structure used to encrypt audit packages, via CLA 0x88 INS 0x07.",official_spec,high,,pending,New audit APDU contract discovered during reconciliation
BKL-146,SRC-006,/tmp/open_esir_corpus_extracts/Technical-Documentation.txt,9864-9989,contract,audit,ExportAuditDataApdu,"Export Audit Data returns encrypted audit data with version-gated optional CRC using CLA 0x88 INS 0x12 and supersedes the older Export Internal Data command naming in reference code.",official_spec,high,CTR-017,pending,Official audit export contract that supersedes the older reference-only label
BKL-147,SRC-006,/tmp/open_esir_corpus_extracts/Technical-Documentation.txt,9991-10047,contract,audit,StartAuditApdu,"Start Audit notifies the Secure Element that audit has started and returns an encrypted auditRequestPayload for TaxCore, using CLA 0x88 INS 0x21 with optional CRC from SE 3.2.5 onward.",official_spec,high,,pending,New audit-session contract discovered during reconciliation
BKL-148,SRC-006,/tmp/open_esir_corpus_extracts/Technical-Documentation.txt,10049-10126,contract,audit,EndAuditApdu,"End Audit finalizes the audit process in the Secure Element using CLA 0x88 INS 0x20 with a 256-byte TaxCore payload and optional CRC from SE 3.2.5 onward.",official_spec,high,CTR-018,pending,Official audit-finalization contract corresponding to the reference FinishAudit naming
BKL-149,SRC-006,/tmp/open_esir_corpus_extracts/Technical-Documentation.txt,1864-1878,contract_set,taxcore_api_shared,TaxCoreApiSharedServices,"Technical Documentation explicitly lists shared TaxCore.API services Configuration Tax Rates Environments and Encryption Certificate as public services distinct from POS-to-SDC GetEnvironmentParameters.",official_spec,high,source_exact_reconciliation.csv; finalized_contracts.csv,resolved,This public shared backend surface is now normalized into the canonical set
BKL-150,SRC-006,/tmp/open_esir_corpus_extracts/Technical-Documentation.txt,8254-8280;8290-8597;8762-8860,contract_set,taxcore_api_esdc,TaxCoreApiEsdcServices,"Technical Documentation explicitly lists E-SDC backend services Request Authentication Token Get Initialization Commands Notify Online Status Notify Command Processed Submit Audit Package and Submit Audit Request Payload ARP.",official_spec,high,source_exact_reconciliation.csv; finalized_contracts.csv,resolved,This public backend-facing surface is now normalized into the canonical set
BKL-151,SRC-006,/tmp/open_esir_corpus_extracts/Technical-Documentation.txt,2825-2833,type,taxcore_api_shared,GetStatusResponse source exact name,"Technical Documentation explicitly names the status model GetStatusResponse with fields such as sdcDateTime supportedLanguages uid taxCoreApi currentTaxRates and allTaxRates.",official_spec,high,TYP-004; source_exact_reconciliation.csv,pending,Current canonical name StatusResponse should stay visibly marked as a rename
BKL-152,SRC-006,/tmp/open_esir_corpus_extracts/Technical-Documentation.txt,5396-5403,type_cluster,lpfr_service,ModelErrors source exact names,"Technical Documentation explicitly names validation models ModelErrors and ModelError rather than ValidationErrorResponse and ValidationErrorItem.",official_spec,high,TYP-006; TYP-025; source_exact_reconciliation.csv,pending,Current canonical names should stay visibly marked as renames
BKL-153,SRC-006,/tmp/open_esir_corpus_extracts/Technical-Documentation.txt,6399-6500;8693-8860,type_cluster,taxcore_api_esdc,Audit and command source exact models,"Technical Documentation explicitly defines ProofOfAuditRequest AuditPackage Command CommandsType and AuditDataStatus for backend-facing E-SDC and audit flows.",official_spec,high,source_exact_reconciliation.csv; finalized_types.csv; finalized_enums.csv; finalized_errors_statuses.csv,resolved,These public models are now normalized separately instead of being implied by wrappers
